cond,Lprime,ns_mean,ns_std,sq_mean,sq_std
DW $D$ asc,2,0.0175,0.13112,0.035,0.18378
DW $D$ asc,3,0.0225,0.1483,0.03,0.17059
DW $D$ asc,4,0.035,0.18378,0.025,0.15612
DW $D$ asc,5,0.035,0.18378,0.0425,0.20173
DW $D$ asc,6,0.0325,0.17732,0.045,0.2073
DW $D$ asc,7,0.06,0.23749,0.045,0.2073
DW $D$ asc,8,0.0525,0.22303,0.045,0.2073
DW $D$ asc,9,0.0475,0.21271,0.0375,0.18998
DW $D$ asc,10,0.0575,0.2328,0.0375,0.18998
DW $D$ asc,11,0.06,0.23749,0.05,0.21794
DW $D$ asc,12,0.0575,0.2328,0.055,0.22798
DW $D$ asc,13,0.065,0.24653,0.0525,0.22303
DW $D$ asc,14,0.07,0.25515,0.055,0.22798
DW $D$ asc,15,0.075,0.26339,0.05,0.21794
DW $D$ asc,16,0.085,0.27888,0.055,0.22798
DW $D$ asc,17,0.09,0.28618,0.0525,0.22303
DW $D$ asc,18,0.095,0.29321,0.0575,0.2328
DW $D$ asc,19,0.0975,0.29664,0.0775,0.26738
DW $D$ asc,20,0.1075,0.30975,0.0775,0.26738
DW $D$ asc,21,0.11,0.31289,0.0725,0.25931
DW $D$ asc,22,0.1075,0.30975,0.0775,0.26738
DW $D$ asc,23,0.1025,0.3033,0.075,0.26339
DW $D$ asc,24,0.105,0.30655,0.0875,0.28257
DW $D$ asc,25,0.1025,0.3033,0.0975,0.29664
DW $D$ asc,26,0.105,0.30655,0.08,0.27129
DW $D$ asc,27,0.1075,0.30975,0.0775,0.26738
DW $D$ asc,28,0.11,0.31289,0.085,0.27888
DW $D$ asc,29,0.1175,0.32202,0.085,0.27888
DW $D$ asc,30,0.115,0.31902,0.09,0.28618
DW $D$ asc,31,0.1175,0.32202,0.0925,0.28973
DW $D$ asc,32,0.12,0.32496,0.09,0.28618
DW $D$ asc,33,0.1175,0.32202,0.1,0.3
DW $D$ asc,34,0.12,0.32496,0.0925,0.28973
DW $D$ asc,35,0.1275,0.33353,0.1025,0.3033
DW $D$ asc,36,0.13,0.3363,0.0975,0.29664
DW $D$ asc,37,0.1325,0.33903,0.1025,0.3033
DW $D$ asc,38,0.1275,0.33353,0.0975,0.29664
DW $D$ asc,39,0.1225,0.32786,0.0975,0.29664
DW $D$ asc,40,0.1275,0.33353,0.0975,0.29664
DW $D$ asc,41,0.13,0.3363,0.105,0.30655
DW $D$ asc,42,0.135,0.34172,0.1025,0.3033
DW $D$ asc,43,0.13,0.3363,0.105,0.30655
DW $D$ asc,44,0.1425,0.34956,0.105,0.30655
DW $D$ asc,45,0.1475,0.3546,0.11,0.31289
DW $D$ asc,46,0.145,0.3521,0.1125,0.31598
DW $D$ asc,47,0.1475,0.3546,0.105,0.30655
DW $D$ asc,48,0.1325,0.33903,0.105,0.30655
DW $D$ asc,49,0.1425,0.34956,0.1025,0.3033
DW $D$ asc,50,0.1425,0.34956,0.1025,0.3033
DW $D$ asc,51,0.1425,0.34956,0.1075,0.30975
DW $D$ asc,52,0.14,0.34699,0.11,0.31289
DW $D$ asc,53,0.1425,0.34956,0.1075,0.30975
DW $D$ asc,54,0.15,0.35707,0.115,0.31902
DW $D$ asc,55,0.1375,0.34437,0.115,0.31902
DW $D$ asc,56,0.145,0.3521,0.12,0.32496
DW $D$ asc,57,0.1425,0.34956,0.125,0.33072
DW $D$ asc,58,0.145,0.3521,0.1225,0.32786
DW $D$ asc,59,0.1425,0.34956,0.12,0.32496
DW $D$ asc,60,0.1425,0.34956,0.1125,0.31598
DW $D$ asc,61,0.155,0.3619,0.115,0.31902
DW $D$ asc,62,0.1475,0.3546,0.12,0.32496
DW $D$ asc,63,0.155,0.3619,0.1175,0.32202
DW $D$ asc,64,0.1475,0.3546,0.125,0.33072
DW $D$ asc,65,0.145,0.3521,0.12,0.32496
DW $D$ asc,66,0.1475,0.3546,0.1175,0.32202
DW $D$ asc,67,0.16,0.36661,0.12,0.32496
DW $D$ asc,68,0.155,0.3619,0.125,0.33072
DW $D$ asc,69,0.155,0.3619,0.1225,0.32786
DW $D$ asc,70,0.16,0.36661,0.1225,0.32786
DW $D$ asc,71,0.165,0.37118,0.115,0.31902
DW $D$ asc,72,0.17,0.37563,0.125,0.33072
DW $D$ asc,73,0.1625,0.36891,0.115,0.31902
DW $D$ asc,74,0.1625,0.36891,0.1125,0.31598
DW $D$ asc,75,0.1625,0.36891,0.11,0.31289
DW $D$ asc,76,0.1725,0.37781,0.12,0.32496
DW $D$ asc,77,0.17,0.37563,0.12,0.32496
DW $D$ asc,78,0.1775,0.38209,0.12,0.32496
DW $D$ asc,79,0.175,0.37997,0.12,0.32496
DW $D$ asc,80,0.175,0.37997,0.125,0.33072
DW $D$ asc,81,0.1725,0.37781,0.1225,0.32786
DW $D$ asc,82,0.17,0.37563,0.1225,0.32786
DW $D$ asc,83,0.1675,0.37342,0.1175,0.32202
DW $D$ asc,84,0.175,0.37997,0.12,0.32496
DW $D$ asc,85,0.175,0.37997,0.12,0.32496
DW $D$ asc,86,0.1725,0.37781,0.1175,0.32202
DW $D$ asc,87,0.1775,0.38209,0.1175,0.32202
DW $D$ asc,88,0.1725,0.37781,0.1175,0.32202
DW $D$ asc,89,0.175,0.37997,0.1175,0.32202
DW $D$ asc,90,0.1775,0.38209,0.115,0.31902
DW $D$ asc,91,0.175,0.37997,0.1225,0.32786
DW $D$ asc,92,0.1725,0.37781,0.1175,0.32202
DW $D$ asc,93,0.175,0.37997,0.12,0.32496
DW $D$ asc,94,0.18,0.38419,0.1225,0.32786
DW $D$ asc,95,0.1775,0.38209,0.1225,0.32786
DW $D$ asc,96,0.18,0.38419,0.115,0.31902
DW $D$ asc,97,0.1825,0.38626,0.115,0.31902
DW $D$ asc,98,0.18,0.38419,0.1175,0.32202
DW $D$ asc,99,0.18,0.38419,0.1225,0.32786
DW $D$ asc,100,0.175,0.37997,0.125,0.33072
DW $D$ asc,101,0.1775,0.38209,0.1275,0.33353
DW $D$ asc,102,0.185,0.3883,0.13,0.3363
DW $D$ asc,103,0.1875,0.39031,0.1325,0.33903
DW $D$ asc,104,0.185,0.3883,0.1325,0.33903
DW $D$ asc,105,0.1775,0.38209,0.1375,0.34437
DW $D$ asc,106,0.175,0.37997,0.1325,0.33903
DW $D$ asc,107,0.17,0.37563,0.13,0.3363
DW $D$ asc,108,0.1675,0.37342,0.14,0.34699
DW $D$ asc,109,0.175,0.37997,0.135,0.34172
DW $D$ asc,110,0.18,0.38419,0.1475,0.3546
DW $D$ asc,111,0.185,0.3883,0.15,0.35707
DW $D$ asc,112,0.1825,0.38626,0.1625,0.36891
DW $D$ asc,113,0.185,0.3883,0.1625,0.36891
DW $D$ asc,114,0.1875,0.39031,0.165,0.37118
DW $D$ asc,115,0.1875,0.39031,0.1625,0.36891
DW $D$ asc,116,0.1925,0.39426,0.16,0.36661
DW $D$ asc,117,0.1925,0.39426,0.1675,0.37342
DW $D$ asc,118,0.19,0.3923,0.1625,0.36891
DW $D$ asc,119,0.1925,0.39426,0.16,0.36661
DW $D$ asc,120,0.195,0.3962,0.155,0.3619
DW $D$ asc,121,0.1975,0.39811,0.155,0.3619
DW $D$ asc,122,0.1975,0.39811,0.155,0.3619
DW $D$ asc,123,0.19,0.3923,0.15,0.35707
DW $D$ asc,124,0.1925,0.39426,0.165,0.37118
DW $D$ asc,125,0.195,0.3962,0.1625,0.36891
DW $D$ asc,126,0.195,0.3962,0.1625,0.36891
DW $D$ asc,127,0.19,0.3923,0.1675,0.37342
DW $D$ asc,128,0.1925,0.39426,0.1725,0.37781
DW $D$ asc,129,0.1875,0.39031,0.17,0.37563
DW $D$ asc,130,0.195,0.3962,0.1725,0.37781
DW $D$ asc,131,0.195,0.3962,0.1675,0.37342
DW $D$ asc,132,0.2,0.4,0.1625,0.36891
DW $D$ asc,133,0.1975,0.39811,0.1625,0.36891
DW $D$ asc,134,0.1975,0.39811,0.1625,0.36891
DW $D$ asc,135,0.1875,0.39031,0.1675,0.37342
DW $D$ asc,136,0.2,0.4,0.1675,0.37342
DW $D$ asc,137,0.1975,0.39811,0.17,0.37563
DW $D$ asc,138,0.195,0.3962,0.17,0.37563
DW $D$ asc,139,0.1975,0.39811,0.1675,0.37342
DW $D$ asc,140,0.2,0.4,0.165,0.37118
DW $D$ asc,141,0.1975,0.39811,0.1675,0.37342
DW $D$ asc,142,0.2,0.4,0.175,0.37997
DW $D$ asc,143,0.2025,0.40186,0.1725,0.37781
DW $D$ asc,144,0.2,0.4,0.17,0.37563
DW $D$ asc,145,0.2025,0.40186,0.175,0.37997
DW $D$ asc,146,0.2075,0.40552,0.17,0.37563
DW $D$ asc,147,0.2075,0.40552,0.175,0.37997
DW $D$ asc,148,0.205,0.4037,0.1675,0.37342
DW $D$ asc,149,0.205,0.4037,0.1675,0.37342
DW $D$ asc,150,0.2125,0.40908,0.175,0.37997
DW $D$ asc,151,0.2125,0.40908,0.165,0.37118
DW $D$ asc,152,0.2125,0.40908,0.1625,0.36891
DW $D$ asc,153,0.205,0.4037,0.175,0.37997
DW $D$ asc,154,0.205,0.4037,0.17,0.37563
DW $D$ asc,155,0.205,0.4037,0.175,0.37997
DW $D$ asc,156,0.205,0.4037,0.1725,0.37781
DW $D$ asc,157,0.205,0.4037,0.175,0.37997
DW $D$ asc,158,0.2025,0.40186,0.18,0.38419
DW $D$ asc,159,0.205,0.4037,0.1775,0.38209
DW $D$ asc,160,0.2075,0.40552,0.175,0.37997
DW $D$ asc,161,0.205,0.4037,0.1775,0.38209
DW $D$ asc,162,0.2025,0.40186,0.18,0.38419
DW $D$ asc,163,0.205,0.4037,0.18,0.38419
DW $D$ asc,164,0.205,0.4037,0.1775,0.38209
DW $D$ asc,165,0.2075,0.40552,0.19,0.3923
DW $D$ asc,166,0.2125,0.40908,0.19,0.3923
DW $D$ asc,167,0.2125,0.40908,0.185,0.3883
DW $D$ asc,168,0.21,0.40731,0.185,0.3883
DW $D$ asc,169,0.2075,0.40552,0.185,0.3883
DW $D$ asc,170,0.21,0.40731,0.18,0.38419
DW $D$ asc,171,0.2075,0.40552,0.1875,0.39031
DW $D$ asc,172,0.2075,0.40552,0.1875,0.39031
DW $D$ asc,173,0.205,0.4037,0.1825,0.38626
DW $D$ asc,174,0.205,0.4037,0.1825,0.38626
DW $D$ asc,175,0.2025,0.40186,0.1825,0.38626
DW $D$ asc,176,0.2,0.4,0.1825,0.38626
DW $D$ asc,177,0.2,0.4,0.185,0.3883
DW $D$ asc,178,0.2,0.4,0.1825,0.38626
DW $D$ asc,179,0.2025,0.40186,0.1825,0.38626
DW $D$ asc,180,0.2,0.4,0.1825,0.38626
DW $D$ asc,181,0.2,0.4,0.1825,0.38626
DW $D$ asc,182,0.1975,0.39811,0.18,0.38419
DW $D$ asc,183,0.1975,0.39811,0.185,0.3883
DW $D$ asc,184,0.1975,0.39811,0.18,0.38419
DW $D$ asc,185,0.2,0.4,0.18,0.38419
DW $D$ asc,186,0.2025,0.40186,0.1775,0.38209
DW $D$ asc,187,0.2,0.4,0.1825,0.38626
DW $D$ asc,188,0.2,0.4,0.18,0.38419
DW $D$ asc,189,0.205,0.4037,0.1825,0.38626
DW $D$ asc,190,0.1975,0.39811,0.1825,0.38626
DW $D$ asc,191,0.2025,0.40186,0.1925,0.39426
DW $D$ asc,192,0.2,0.4,0.1875,0.39031
DW $D$ asc,193,0.2,0.4,0.1925,0.39426
DW $D$ asc,194,0.2,0.4,0.1875,0.39031
DW $D$ asc,195,0.2025,0.40186,0.19,0.3923
DW $D$ asc,196,0.2,0.4,0.19,0.3923
DW $D$ asc,197,0.2025,0.40186,0.195,0.3962
DW $D$ asc,198,0.2025,0.40186,0.195,0.3962
DW $D$ asc,199,0.2,0.4,0.1875,0.39031
DW $D$ asc,200,0.2025,0.40186,0.185,0.3883
DW $D$ desc,2,0.0875,0.28257,0.1025,0.3033
DW $D$ desc,3,0.125,0.33072,0.1325,0.33903
DW $D$ desc,4,0.1425,0.34956,0.1375,0.34437
DW $D$ desc,5,0.1625,0.36891,0.1675,0.37342
DW $D$ desc,6,0.175,0.37997,0.175,0.37997
DW $D$ desc,7,0.2,0.4,0.2,0.4
DW $D$ desc,8,0.2225,0.41593,0.22,0.41425
DW $D$ desc,9,0.2375,0.42555,0.235,0.424
DW $D$ desc,10,0.2375,0.42555,0.235,0.424
DW $D$ desc,11,0.2575,0.43726,0.23,0.42083
DW $D$ desc,12,0.26,0.43863,0.26,0.43863
DW $D$ desc,13,0.28,0.449,0.25,0.43301
DW $D$ desc,14,0.3,0.45826,0.2775,0.44777
DW $D$ desc,15,0.2925,0.45491,0.2625,0.43999
DW $D$ desc,16,0.3125,0.46351,0.28,0.449
DW $D$ desc,17,0.3325,0.47111,0.29,0.45376
DW $D$ desc,18,0.3275,0.4693,0.2825,0.45022
DW $D$ desc,19,0.3575,0.47926,0.28,0.449
DW $D$ desc,20,0.3675,0.48212,0.3,0.45826
DW $D$ desc,21,0.3675,0.48212,0.305,0.46041
DW $D$ desc,22,0.365,0.48143,0.3075,0.46146
DW $D$ desc,23,0.375,0.48412,0.3025,0.45934
DW $D$ desc,24,0.3925,0.48831,0.3075,0.46146
DW $D$ desc,25,0.3875,0.48718,0.3225,0.46743
DW $D$ desc,26,0.39,0.48775,0.31,0.46249
DW $D$ desc,27,0.405,0.49089,0.325,0.46837
DW $D$ desc,28,0.42,0.49356,0.3475,0.47618
DW $D$ desc,29,0.415,0.49272,0.345,0.47537
DW $D$ desc,30,0.4275,0.49472,0.35,0.47697
DW $D$ desc,31,0.4225,0.49396,0.36,0.48
DW $D$ desc,32,0.4325,0.49542,0.36,0.48
DW $D$ desc,33,0.435,0.49576,0.3675,0.48212
DW $D$ desc,34,0.435,0.49576,0.3775,0.48476
DW $D$ desc,35,0.4525,0.49774,0.3775,0.48476
DW $D$ desc,36,0.4525,0.49774,0.3725,0.48347
DW $D$ desc,37,0.4525,0.49774,0.38,0.48539
DW $D$ desc,38,0.4525,0.49774,0.39,0.48775
DW $D$ desc,39,0.455,0.49797,0.3775,0.48476
DW $D$ desc,40,0.465,0.49877,0.4025,0.4904
DW $D$ desc,41,0.475,0.49937,0.3975,0.48938
DW $D$ desc,42,0.4725,0.49924,0.4125,0.49228
DW $D$ desc,43,0.47,0.4991,0.4325,0.49542
DW $D$ desc,44,0.4775,0.49949,0.43,0.49508
DW $D$ desc,45,0.495,0.49997,0.425,0.49434
DW $D$ desc,46,0.5025,0.49999,0.435,0.49576
DW $D$ desc,47,0.5175,0.49969,0.4425,0.49668
DW $D$ desc,48,0.5,0.5,0.4375,0.49608
DW $D$ desc,49,0.5025,0.49999,0.435,0.49576
DW $D$ desc,50,0.51,0.4999,0.445,0.49697
DW $D$ desc,51,0.525,0.49937,0.4525,0.49774
DW $D$ desc,52,0.525,0.49937,0.4525,0.49774
DW $D$ desc,53,0.5275,0.49924,0.445,0.49697
DW $D$ desc,54,0.5325,0.49894,0.45,0.49749
DW $D$ desc,55,0.5225,0.49949,0.445,0.49697
DW $D$ desc,56,0.5425,0.49819,0.445,0.49697
DW $D$ desc,57,0.5525,0.49724,0.4525,0.49774
DW $D$ desc,58,0.55,0.49749,0.47,0.4991
DW $D$ desc,59,0.5525,0.49724,0.4525,0.49774
DW $D$ desc,60,0.555,0.49697,0.4675,0.49894
DW $D$ desc,61,0.55,0.49749,0.48,0.4996
DW $D$ desc,62,0.545,0.49797,0.4775,0.49949
DW $D$ desc,63,0.5525,0.49724,0.4825,0.49969
DW $D$ desc,64,0.5475,0.49774,0.4825,0.49969
DW $D$ desc,65,0.55,0.49749,0.49,0.4999
DW $D$ desc,66,0.5625,0.49608,0.49,0.4999
DW $D$ desc,67,0.5675,0.49542,0.5075,0.49994
DW $D$ desc,68,0.57,0.49508,0.5025,0.49999
DW $D$ desc,69,0.56,0.49639,0.5025,0.49999
DW $D$ desc,70,0.5625,0.49608,0.5,0.5
DW $D$ desc,71,0.5675,0.49542,0.5075,0.49994
DW $D$ desc,72,0.565,0.49576,0.52,0.4996
DW $D$ desc,73,0.5925,0.49137,0.515,0.49977
DW $D$ desc,74,0.5925,0.49137,0.52,0.4996
DW $D$ desc,75,0.605,0.48885,0.5275,0.49924
DW $D$ desc,76,0.595,0.49089,0.54,0.4984
DW $D$ desc,77,0.6025,0.48938,0.5275,0.49924
DW $D$ desc,78,0.6,0.4899,0.53,0.4991
DW $D$ desc,79,0.61,0.48775,0.535,0.49877
DW $D$ desc,80,0.605,0.48885,0.525,0.49937
DW $D$ desc,81,0.61,0.48775,0.525,0.49937
DW $D$ desc,82,0.6225,0.48476,0.54,0.4984
DW $D$ desc,83,0.635,0.48143,0.5325,0.49894
DW $D$ desc,84,0.6225,0.48476,0.54,0.4984
DW $D$ desc,85,0.6275,0.48347,0.5375,0.49859
DW $D$ desc,86,0.63,0.4828,0.5375,0.49859
DW $D$ desc,87,0.6375,0.48072,0.5375,0.49859
DW $D$ desc,88,0.65,0.47697,0.545,0.49797
DW $D$ desc,89,0.665,0.47199,0.5325,0.49894
DW $D$ desc,90,0.6625,0.47286,0.5325,0.49894
DW $D$ desc,91,0.66,0.47371,0.5325,0.49894
DW $D$ desc,92,0.67,0.47021,0.535,0.49877
DW $D$ desc,93,0.67,0.47021,0.54,0.4984
DW $D$ desc,94,0.6675,0.47111,0.5475,0.49774
DW $D$ desc,95,0.67,0.47021,0.5525,0.49724
DW $D$ desc,96,0.665,0.47199,0.55,0.49749
DW $D$ desc,97,0.68,0.46648,0.5375,0.49859
DW $D$ desc,98,0.6925,0.46146,0.545,0.49797
DW $D$ desc,99,0.6975,0.45934,0.54,0.4984
DW $D$ desc,100,0.7,0.45826,0.545,0.49797
DW $D$ desc,101,0.7025,0.45716,0.5475,0.49774
DW $D$ desc,102,0.715,0.45141,0.55,0.49749
DW $D$ desc,103,0.715,0.45141,0.5625,0.49608
DW $D$ desc,104,0.715,0.45141,0.5675,0.49542
DW $D$ desc,105,0.72,0.449,0.58,0.49356
DW $D$ desc,106,0.72,0.449,0.5825,0.49315
DW $D$ desc,107,0.725,0.44651,0.5725,0.49472
DW $D$ desc,108,0.7125,0.4526,0.5775,0.49396
DW $D$ desc,109,0.715,0.45141,0.575,0.49434
DW $D$ desc,110,0.7275,0.44525,0.5725,0.49472
DW $D$ desc,111,0.73,0.44396,0.575,0.49434
DW $D$ desc,112,0.7275,0.44525,0.5725,0.49472
DW $D$ desc,113,0.7275,0.44525,0.5675,0.49542
DW $D$ desc,114,0.7275,0.44525,0.565,0.49576
DW $D$ desc,115,0.7275,0.44525,0.5725,0.49472
DW $D$ desc,116,0.7375,0.43999,0.58,0.49356
DW $D$ desc,117,0.7325,0.44266,0.5675,0.49542
DW $D$ desc,118,0.7325,0.44266,0.575,0.49434
DW $D$ desc,119,0.735,0.44133,0.5825,0.49315
DW $D$ desc,120,0.7375,0.43999,0.595,0.49089
DW $D$ desc,121,0.7375,0.43999,0.5975,0.4904
DW $D$ desc,122,0.735,0.44133,0.6025,0.48938
DW $D$ desc,123,0.7425,0.43726,0.5925,0.49137
DW $D$ desc,124,0.745,0.43586,0.6025,0.48938
DW $D$ desc,125,0.7525,0.43156,0.6,0.4899
DW $D$ desc,126,0.7575,0.4286,0.605,0.48885
DW $D$ desc,127,0.76,0.42708,0.605,0.48885
DW $D$ desc,128,0.76,0.42708,0.605,0.48885
DW $D$ desc,129,0.755,0.43009,0.615,0.4866
DW $D$ desc,130,0.765,0.424,0.6075,0.48831
DW $D$ desc,131,0.765,0.424,0.61,0.48775
DW $D$ desc,132,0.77,0.42083,0.6175,0.486
DW $D$ desc,133,0.7725,0.41922,0.615,0.4866
DW $D$ desc,134,0.7775,0.41593,0.61,0.48775
DW $D$ desc,135,0.7725,0.41922,0.61,0.48775
DW $D$ desc,136,0.7775,0.41593,0.6225,0.48476
DW $D$ desc,137,0.7675,0.42243,0.6175,0.486
DW $D$ desc,138,0.7775,0.41593,0.6075,0.48831
DW $D$ desc,139,0.7725,0.41922,0.61,0.48775
DW $D$ desc,140,0.78,0.41425,0.6175,0.486
DW $D$ desc,141,0.7675,0.42243,0.61,0.48775
DW $D$ desc,142,0.7775,0.41593,0.6175,0.486
DW $D$ desc,143,0.7725,0.41922,0.615,0.4866
DW $D$ desc,144,0.78,0.41425,0.62,0.48539
DW $D$ desc,145,0.7725,0.41922,0.62,0.48539
DW $D$ desc,146,0.7825,0.41255,0.6225,0.48476
DW $D$ desc,147,0.775,0.41758,0.615,0.4866
DW $D$ desc,148,0.78,0.41425,0.6125,0.48718
DW $D$ desc,149,0.785,0.41082,0.6175,0.486
DW $D$ desc,150,0.7825,0.41255,0.61,0.48775
DW $D$ desc,151,0.795,0.4037,0.625,0.48412
DW $D$ desc,152,0.79,0.40731,0.6375,0.48072
DW $D$ desc,153,0.7925,0.40552,0.6375,0.48072
DW $D$ desc,154,0.7875,0.40908,0.6425,0.47926
DW $D$ desc,155,0.7925,0.40552,0.635,0.48143
DW $D$ desc,156,0.7975,0.40186,0.6425,0.47926
DW $D$ desc,157,0.8025,0.39811,0.635,0.48143
DW $D$ desc,158,0.8,0.4,0.6325,0.48212
DW $D$ desc,159,0.8125,0.39031,0.635,0.48143
DW $D$ desc,160,0.8125,0.39031,0.64,0.48
DW $D$ desc,161,0.805,0.3962,0.6325,0.48212
DW $D$ desc,162,0.7975,0.40186,0.6425,0.47926
DW $D$ desc,163,0.7975,0.40186,0.6475,0.47775
DW $D$ desc,164,0.795,0.4037,0.645,0.47851
DW $D$ desc,165,0.8,0.4,0.6475,0.47775
DW $D$ desc,166,0.8,0.4,0.65,0.47697
DW $D$ desc,167,0.8,0.4,0.65,0.47697
DW $D$ desc,168,0.8075,0.39426,0.6575,0.47455
DW $D$ desc,169,0.8175,0.38626,0.6475,0.47775
DW $D$ desc,170,0.8175,0.38626,0.6475,0.47775
DW $D$ desc,171,0.815,0.3883,0.6575,0.47455
DW $D$ desc,172,0.8175,0.38626,0.655,0.47537
DW $D$ desc,173,0.825,0.37997,0.67,0.47021
DW $D$ desc,174,0.8225,0.38209,0.66,0.47371
DW $D$ desc,175,0.8275,0.37781,0.6675,0.47111
DW $D$ desc,176,0.81,0.3923,0.6725,0.4693
DW $D$ desc,177,0.8225,0.38209,0.67,0.47021
DW $D$ desc,178,0.8275,0.37781,0.675,0.46837
DW $D$ desc,179,0.8225,0.38209,0.6725,0.4693
DW $D$ desc,180,0.825,0.37997,0.67,0.47021
DW $D$ desc,181,0.815,0.3883,0.67,0.47021
DW $D$ desc,182,0.815,0.3883,0.675,0.46837
DW $D$ desc,183,0.8225,0.38209,0.68,0.46648
DW $D$ desc,184,0.8225,0.38209,0.675,0.46837
DW $D$ desc,185,0.81,0.3923,0.685,0.46452
DW $D$ desc,186,0.8275,0.37781,0.68,0.46648
DW $D$ desc,187,0.82,0.38419,0.6775,0.46743
DW $D$ desc,188,0.8275,0.37781,0.685,0.46452
DW $D$ desc,189,0.82,0.38419,0.69,0.46249
DW $D$ desc,190,0.83,0.37563,0.69,0.46249
DW $D$ desc,191,0.8375,0.36891,0.69,0.46249
DW $D$ desc,192,0.84,0.36661,0.6925,0.46146
DW $D$ desc,193,0.8375,0.36891,0.6825,0.4655
DW $D$ desc,194,0.845,0.3619,0.7,0.45826
DW $D$ desc,195,0.84,0.36661,0.6975,0.45934
DW $D$ desc,196,0.8475,0.3595,0.695,0.46041
DW $D$ desc,197,0.84,0.36661,0.7,0.45826
DW $D$ desc,198,0.83,0.37563,0.71,0.45376
DW $D$ desc,199,0.8375,0.36891,0.715,0.45141
DW $D$ desc,200,0.85,0.35707,0.7175,0.45022
DW $u$ asc,2,0.005,0.07053,0.05,0.21794
DW $u$ asc,3,0.0175,0.13112,0.0425,0.20173
DW $u$ asc,4,0.025,0.15612,0.0525,0.22303
DW $u$ asc,5,0.045,0.2073,0.04,0.19596
DW $u$ asc,6,0.0425,0.20173,0.0425,0.20173
DW $u$ asc,7,0.06,0.23749,0.05,0.21794
DW $u$ asc,8,0.0675,0.25089,0.06,0.23749
DW $u$ asc,9,0.085,0.27888,0.07,0.25515
DW $u$ asc,10,0.0925,0.28973,0.06,0.23749
DW $u$ asc,11,0.105,0.30655,0.08,0.27129
DW $u$ asc,12,0.1025,0.3033,0.105,0.30655
DW $u$ asc,13,0.12,0.32496,0.11,0.31289
DW $u$ asc,14,0.1275,0.33353,0.095,0.29321
DW $u$ asc,15,0.1225,0.32786,0.1275,0.33353
DW $u$ asc,16,0.1275,0.33353,0.1225,0.32786
DW $u$ asc,17,0.1425,0.34956,0.13,0.3363
DW $u$ asc,18,0.14,0.34699,0.11,0.31289
DW $u$ asc,19,0.14,0.34699,0.1125,0.31598
DW $u$ asc,20,0.1475,0.3546,0.1175,0.32202
DW $u$ asc,21,0.1525,0.3595,0.1175,0.32202
DW $u$ asc,22,0.1525,0.3595,0.12,0.32496
DW $u$ asc,23,0.15,0.35707,0.13,0.3363
DW $u$ asc,24,0.1725,0.37781,0.15,0.35707
DW $u$ asc,25,0.175,0.37997,0.1425,0.34956
DW $u$ asc,26,0.18,0.38419,0.15,0.35707
DW $u$ asc,27,0.19,0.3923,0.1625,0.36891
DW $u$ asc,28,0.1925,0.39426,0.1525,0.3595
DW $u$ asc,29,0.1925,0.39426,0.17,0.37563
DW $u$ asc,30,0.2,0.4,0.165,0.37118
DW $u$ asc,31,0.1975,0.39811,0.1675,0.37342
DW $u$ asc,32,0.2,0.4,0.1725,0.37781
DW $u$ asc,33,0.2,0.4,0.1825,0.38626
DW $u$ asc,34,0.2025,0.40186,0.185,0.3883
DW $u$ asc,35,0.1975,0.39811,0.185,0.3883
DW $u$ asc,36,0.2075,0.40552,0.1875,0.39031
DW $u$ asc,37,0.2025,0.40186,0.1875,0.39031
DW $u$ asc,38,0.2025,0.40186,0.1975,0.39811
DW $u$ asc,39,0.2125,0.40908,0.175,0.37997
DW $u$ asc,40,0.22,0.41425,0.1825,0.38626
DW $u$ asc,41,0.2225,0.41593,0.1925,0.39426
DW $u$ asc,42,0.2275,0.41922,0.1925,0.39426
DW $u$ asc,43,0.225,0.41758,0.195,0.3962
DW $u$ asc,44,0.23,0.42083,0.2,0.4
DW $u$ asc,45,0.235,0.424,0.1975,0.39811
DW $u$ asc,46,0.23,0.42083,0.195,0.3962
DW $u$ asc,47,0.23,0.42083,0.19,0.3923
DW $u$ asc,48,0.2275,0.41922,0.2075,0.40552
DW $u$ asc,49,0.2325,0.42243,0.205,0.4037
DW $u$ asc,50,0.2325,0.42243,0.205,0.4037
DW $u$ asc,51,0.25,0.43301,0.2075,0.40552
DW $u$ asc,52,0.2475,0.43156,0.2175,0.41255
DW $u$ asc,53,0.245,0.43009,0.205,0.4037
DW $u$ asc,54,0.25,0.43301,0.21,0.40731
DW $u$ asc,55,0.25,0.43301,0.2025,0.40186
DW $u$ asc,56,0.255,0.43586,0.1975,0.39811
DW $u$ asc,57,0.2525,0.43445,0.2075,0.40552
DW $u$ asc,58,0.2575,0.43726,0.2125,0.40908
DW $u$ asc,59,0.26,0.43863,0.2075,0.40552
DW $u$ asc,60,0.2625,0.43999,0.21,0.40731
DW $u$ asc,61,0.2625,0.43999,0.2125,0.40908
DW $u$ asc,62,0.2625,0.43999,0.21,0.40731
DW $u$ asc,63,0.27,0.44396,0.22,0.41425
DW $u$ asc,64,0.27,0.44396,0.2225,0.41593
DW $u$ asc,65,0.2725,0.44525,0.23,0.42083
DW $u$ asc,66,0.2725,0.44525,0.23,0.42083
DW $u$ asc,67,0.2675,0.44266,0.2225,0.41593
DW $u$ asc,68,0.275,0.44651,0.2225,0.41593
DW $u$ asc,69,0.2725,0.44525,0.225,0.41758
DW $u$ asc,70,0.2725,0.44525,0.2275,0.41922
DW $u$ asc,71,0.275,0.44651,0.2325,0.42243
DW $u$ asc,72,0.27,0.44396,0.2225,0.41593
DW $u$ asc,73,0.285,0.45141,0.2325,0.42243
DW $u$ asc,74,0.28,0.449,0.235,0.424
DW $u$ asc,75,0.28,0.449,0.24,0.42708
DW $u$ asc,76,0.275,0.44651,0.2475,0.43156
DW $u$ asc,77,0.2775,0.44777,0.2475,0.43156
DW $u$ asc,78,0.2775,0.44777,0.24,0.42708
DW $u$ asc,79,0.285,0.45141,0.24,0.42708
DW $u$ asc,80,0.2825,0.45022,0.2375,0.42555
DW $u$ asc,81,0.2825,0.45022,0.24,0.42708
DW $u$ asc,82,0.2825,0.45022,0.2375,0.42555
DW $u$ asc,83,0.285,0.45141,0.2375,0.42555
DW $u$ asc,84,0.28,0.449,0.2475,0.43156
DW $u$ asc,85,0.2775,0.44777,0.2475,0.43156
DW $u$ asc,86,0.28,0.449,0.2525,0.43445
DW $u$ asc,87,0.2775,0.44777,0.25,0.43301
DW $u$ asc,88,0.285,0.45141,0.25,0.43301
DW $u$ asc,89,0.2875,0.4526,0.2525,0.43445
DW $u$ asc,90,0.2825,0.45022,0.2475,0.43156
DW $u$ asc,91,0.2875,0.4526,0.25,0.43301
DW $u$ asc,92,0.2825,0.45022,0.2525,0.43445
DW $u$ asc,93,0.2875,0.4526,0.265,0.44133
DW $u$ asc,94,0.29,0.45376,0.2675,0.44266
DW $u$ asc,95,0.2875,0.4526,0.265,0.44133
DW $u$ asc,96,0.285,0.45141,0.26,0.43863
DW $u$ asc,97,0.29,0.45376,0.265,0.44133
DW $u$ asc,98,0.2875,0.4526,0.2625,0.43999
DW $u$ asc,99,0.2875,0.4526,0.2675,0.44266
DW $u$ asc,100,0.29,0.45376,0.2625,0.43999
DW $u$ asc,101,0.2875,0.4526,0.2625,0.43999
DW $u$ asc,102,0.29,0.45376,0.27,0.44396
DW $u$ asc,103,0.29,0.45376,0.2675,0.44266
DW $u$ asc,104,0.29,0.45376,0.27,0.44396
DW $u$ asc,105,0.295,0.45604,0.2725,0.44525
DW $u$ asc,106,0.295,0.45604,0.27,0.44396
DW $u$ asc,107,0.2925,0.45491,0.2675,0.44266
DW $u$ asc,108,0.2925,0.45491,0.265,0.44133
DW $u$ asc,109,0.2975,0.45716,0.2675,0.44266
DW $u$ asc,110,0.3,0.45826,0.2725,0.44525
DW $u$ asc,111,0.3,0.45826,0.275,0.44651
DW $u$ asc,112,0.3,0.45826,0.27,0.44396
DW $u$ asc,113,0.2975,0.45716,0.27,0.44396
DW $u$ asc,114,0.2975,0.45716,0.27,0.44396
DW $u$ asc,115,0.3025,0.45934,0.2675,0.44266
DW $u$ asc,116,0.3,0.45826,0.2675,0.44266
DW $u$ asc,117,0.3,0.45826,0.2625,0.43999
DW $u$ asc,118,0.3,0.45826,0.2625,0.43999
DW $u$ asc,119,0.305,0.46041,0.265,0.44133
DW $u$ asc,120,0.3075,0.46146,0.2575,0.43726
DW $u$ asc,121,0.3075,0.46146,0.27,0.44396
DW $u$ asc,122,0.31,0.46249,0.2625,0.43999
DW $u$ asc,123,0.3125,0.46351,0.2625,0.43999
DW $u$ asc,124,0.31,0.46249,0.27,0.44396
DW $u$ asc,125,0.315,0.46452,0.2675,0.44266
DW $u$ asc,126,0.315,0.46452,0.2725,0.44525
DW $u$ asc,127,0.315,0.46452,0.2775,0.44777
DW $u$ asc,128,0.3125,0.46351,0.2725,0.44525
DW $u$ asc,129,0.31,0.46249,0.2775,0.44777
DW $u$ asc,130,0.3075,0.46146,0.28,0.449
DW $u$ asc,131,0.305,0.46041,0.29,0.45376
DW $u$ asc,132,0.3025,0.45934,0.2925,0.45491
DW $u$ asc,133,0.2975,0.45716,0.2875,0.4526
DW $u$ asc,134,0.3,0.45826,0.2825,0.45022
DW $u$ asc,135,0.3,0.45826,0.29,0.45376
DW $u$ asc,136,0.3025,0.45934,0.2925,0.45491
DW $u$ asc,137,0.3025,0.45934,0.29,0.45376
DW $u$ asc,138,0.3025,0.45934,0.2875,0.4526
DW $u$ asc,139,0.3075,0.46146,0.285,0.45141
DW $u$ asc,140,0.3075,0.46146,0.2875,0.4526
DW $u$ asc,141,0.31,0.46249,0.2775,0.44777
DW $u$ asc,142,0.31,0.46249,0.2825,0.45022
DW $u$ asc,143,0.305,0.46041,0.2825,0.45022
DW $u$ asc,144,0.3025,0.45934,0.2725,0.44525
DW $u$ asc,145,0.3075,0.46146,0.28,0.449
DW $u$ asc,146,0.305,0.46041,0.2775,0.44777
DW $u$ asc,147,0.3,0.45826,0.2725,0.44525
DW $u$ asc,148,0.3125,0.46351,0.2725,0.44525
DW $u$ asc,149,0.3025,0.45934,0.2725,0.44525
DW $u$ asc,150,0.305,0.46041,0.2725,0.44525
DW $u$ asc,151,0.3075,0.46146,0.2725,0.44525
DW $u$ asc,152,0.3075,0.46146,0.2675,0.44266
DW $u$ asc,153,0.31,0.46249,0.27,0.44396
DW $u$ asc,154,0.3025,0.45934,0.2775,0.44777
DW $u$ asc,155,0.305,0.46041,0.2825,0.45022
DW $u$ asc,156,0.3075,0.46146,0.2775,0.44777
DW $u$ asc,157,0.3025,0.45934,0.275,0.44651
DW $u$ asc,158,0.295,0.45604,0.275,0.44651
DW $u$ asc,159,0.305,0.46041,0.275,0.44651
DW $u$ asc,160,0.3025,0.45934,0.2775,0.44777
DW $u$ asc,161,0.2975,0.45716,0.2725,0.44525
DW $u$ asc,162,0.3075,0.46146,0.2725,0.44525
DW $u$ asc,163,0.305,0.46041,0.275,0.44651
DW $u$ asc,164,0.305,0.46041,0.275,0.44651
DW $u$ asc,165,0.3025,0.45934,0.2775,0.44777
DW $u$ asc,166,0.305,0.46041,0.2725,0.44525
DW $u$ asc,167,0.31,0.46249,0.2675,0.44266
DW $u$ asc,168,0.3075,0.46146,0.2775,0.44777
DW $u$ asc,169,0.3175,0.4655,0.2675,0.44266
DW $u$ asc,170,0.3175,0.4655,0.275,0.44651
DW $u$ asc,171,0.3175,0.4655,0.27,0.44396
DW $u$ asc,172,0.315,0.46452,0.275,0.44651
DW $u$ asc,173,0.32,0.46648,0.275,0.44651
DW $u$ asc,174,0.32,0.46648,0.27,0.44396
DW $u$ asc,175,0.32,0.46648,0.275,0.44651
DW $u$ asc,176,0.315,0.46452,0.2725,0.44525
DW $u$ asc,177,0.3125,0.46351,0.275,0.44651
DW $u$ asc,178,0.3125,0.46351,0.2725,0.44525
DW $u$ asc,179,0.3125,0.46351,0.2725,0.44525
DW $u$ asc,180,0.3175,0.4655,0.275,0.44651
DW $u$ asc,181,0.315,0.46452,0.2675,0.44266
DW $u$ asc,182,0.3175,0.4655,0.27,0.44396
DW $u$ asc,183,0.315,0.46452,0.2725,0.44525
DW $u$ asc,184,0.3175,0.4655,0.27,0.44396
DW $u$ asc,185,0.3225,0.46743,0.2725,0.44525
DW $u$ asc,186,0.32,0.46648,0.2725,0.44525
DW $u$ asc,187,0.3225,0.46743,0.2775,0.44777
DW $u$ asc,188,0.3225,0.46743,0.2825,0.45022
DW $u$ asc,189,0.325,0.46837,0.28,0.449
DW $u$ asc,190,0.33,0.47021,0.275,0.44651
DW $u$ asc,191,0.325,0.46837,0.275,0.44651
DW $u$ asc,192,0.32,0.46648,0.275,0.44651
DW $u$ asc,193,0.3275,0.4693,0.2825,0.45022
DW $u$ asc,194,0.33,0.47021,0.28,0.449
DW $u$ asc,195,0.335,0.47199,0.2775,0.44777
DW $u$ asc,196,0.3325,0.47111,0.275,0.44651
DW $u$ asc,197,0.3225,0.46743,0.28,0.449
DW $u$ asc,198,0.3225,0.46743,0.2825,0.45022
DW $u$ asc,199,0.33,0.47021,0.28,0.449
DW $u$ asc,200,0.3375,0.47286,0.2775,0.44777
DW $u$ desc,2,0.0575,0.2328,0.1075,0.30975
DW $u$ desc,3,0.0825,0.27512,0.1225,0.32786
DW $u$ desc,4,0.1475,0.3546,0.1325,0.33903
DW $u$ desc,5,0.1675,0.37342,0.1675,0.37342
DW $u$ desc,6,0.19,0.3923,0.175,0.37997
DW $u$ desc,7,0.245,0.43009,0.2225,0.41593
DW $u$ desc,8,0.2475,0.43156,0.2325,0.42243
DW $u$ desc,9,0.2775,0.44777,0.24,0.42708
DW $u$ desc,10,0.295,0.45604,0.2825,0.45022
DW $u$ desc,11,0.32,0.46648,0.285,0.45141
DW $u$ desc,12,0.335,0.47199,0.2975,0.45716
DW $u$ desc,13,0.3575,0.47926,0.31,0.46249
DW $u$ desc,14,0.3675,0.48212,0.3525,0.47775
DW $u$ desc,15,0.3925,0.48831,0.36,0.48
DW $u$ desc,16,0.3975,0.48938,0.36,0.48
DW $u$ desc,17,0.425,0.49434,0.3625,0.48072
DW $u$ desc,18,0.4325,0.49542,0.385,0.4866
DW $u$ desc,19,0.4375,0.49608,0.3825,0.486
DW $u$ desc,20,0.4375,0.49608,0.375,0.48412
DW $u$ desc,21,0.4525,0.49774,0.395,0.48885
DW $u$ desc,22,0.475,0.49937,0.42,0.49356
DW $u$ desc,23,0.475,0.49937,0.4125,0.49228
DW $u$ desc,24,0.4925,0.49994,0.415,0.49272
DW $u$ desc,25,0.4825,0.49969,0.425,0.49434
DW $u$ desc,26,0.505,0.49997,0.4475,0.49724
DW $u$ desc,27,0.535,0.49877,0.445,0.49697
DW $u$ desc,28,0.535,0.49877,0.46,0.4984
DW $u$ desc,29,0.53,0.4991,0.47,0.4991
DW $u$ desc,30,0.5475,0.49774,0.49,0.4999
DW $u$ desc,31,0.5425,0.49819,0.4925,0.49994
DW $u$ desc,32,0.5525,0.49724,0.495,0.49997
DW $u$ desc,33,0.5625,0.49608,0.4975,0.49999
DW $u$ desc,34,0.5725,0.49472,0.5,0.5
DW $u$ desc,35,0.5725,0.49472,0.4925,0.49994
DW $u$ desc,36,0.575,0.49434,0.505,0.49997
DW $u$ desc,37,0.5825,0.49315,0.5175,0.49969
DW $u$ desc,38,0.59,0.49183,0.5225,0.49949
DW $u$ desc,39,0.6075,0.48831,0.53,0.4991
DW $u$ desc,40,0.6125,0.48718,0.5225,0.49949
DW $u$ desc,41,0.62,0.48539,0.5125,0.49984
DW $u$ desc,42,0.6125,0.48718,0.52,0.4996
DW $u$ desc,43,0.615,0.4866,0.53,0.4991
DW $u$ desc,44,0.6125,0.48718,0.5375,0.49859
DW $u$ desc,45,0.6275,0.48347,0.535,0.49877
DW $u$ desc,46,0.6225,0.48476,0.5525,0.49724
DW $u$ desc,47,0.6375,0.48072,0.5575,0.49668
DW $u$ desc,48,0.64,0.48,0.545,0.49797
DW $u$ desc,49,0.65,0.47697,0.5425,0.49819
DW $u$ desc,50,0.6475,0.47775,0.5525,0.49724
DW $u$ desc,51,0.6475,0.47775,0.56,0.49639
DW $u$ desc,52,0.65,0.47697,0.575,0.49434
DW $u$ desc,53,0.6625,0.47286,0.5825,0.49315
DW $u$ desc,54,0.6625,0.47286,0.57,0.49508
DW $u$ desc,55,0.6725,0.4693,0.5675,0.49542
DW $u$ desc,56,0.675,0.46837,0.575,0.49434
DW $u$ desc,57,0.6825,0.4655,0.5725,0.49472
DW $u$ desc,58,0.685,0.46452,0.5825,0.49315
DW $u$ desc,59,0.6925,0.46146,0.5875,0.49228
DW $u$ desc,60,0.6925,0.46146,0.585,0.49272
DW $u$ desc,61,0.695,0.46041,0.59,0.49183
DW $u$ desc,62,0.6975,0.45934,0.5925,0.49137
DW $u$ desc,63,0.7,0.45826,0.6,0.4899
DW $u$ desc,64,0.7025,0.45716,0.6,0.4899
DW $u$ desc,65,0.6925,0.46146,0.6075,0.48831
DW $u$ desc,66,0.6975,0.45934,0.605,0.48885
DW $u$ desc,67,0.695,0.46041,0.6125,0.48718
DW $u$ desc,68,0.7,0.45826,0.635,0.48143
DW $u$ desc,69,0.7025,0.45716,0.625,0.48412
DW $u$ desc,70,0.7,0.45826,0.635,0.48143
DW $u$ desc,71,0.695,0.46041,0.6325,0.48212
DW $u$ desc,72,0.7,0.45826,0.625,0.48412
DW $u$ desc,73,0.7075,0.45491,0.6325,0.48212
DW $u$ desc,74,0.7125,0.4526,0.625,0.48412
DW $u$ desc,75,0.71,0.45376,0.6425,0.47926
DW $u$ desc,76,0.7175,0.45022,0.6475,0.47775
DW $u$ desc,77,0.7175,0.45022,0.645,0.47851
DW $u$ desc,78,0.7225,0.44777,0.65,0.47697
DW $u$ desc,79,0.7325,0.44266,0.66,0.47371
DW $u$ desc,80,0.735,0.44133,0.66,0.47371
DW $u$ desc,81,0.73,0.44396,0.66,0.47371
DW $u$ desc,82,0.7325,0.44266,0.6625,0.47286
DW $u$ desc,83,0.7275,0.44525,0.6625,0.47286
DW $u$ desc,84,0.7275,0.44525,0.67,0.47021
DW $u$ desc,85,0.725,0.44651,0.6625,0.47286
DW $u$ desc,86,0.7225,0.44777,0.665,0.47199
DW $u$ desc,87,0.7175,0.45022,0.6625,0.47286
DW $u$ desc,88,0.7275,0.44525,0.675,0.46837
DW $u$ desc,89,0.735,0.44133,0.6725,0.4693
DW $u$ desc,90,0.7375,0.43999,0.69,0.46249
DW $u$ desc,91,0.7375,0.43999,0.6825,0.4655
DW $u$ desc,92,0.7375,0.43999,0.6875,0.46351
DW $u$ desc,93,0.7375,0.43999,0.6875,0.46351
DW $u$ desc,94,0.735,0.44133,0.6875,0.46351
DW $u$ desc,95,0.73,0.44396,0.6925,0.46146
DW $u$ desc,96,0.7325,0.44266,0.69,0.46249
DW $u$ desc,97,0.7425,0.43726,0.6925,0.46146
DW $u$ desc,98,0.7475,0.43445,0.7,0.45826
DW $u$ desc,99,0.755,0.43009,0.69,0.46249
DW $u$ desc,100,0.7475,0.43445,0.6975,0.45934
DW $u$ desc,101,0.7525,0.43156,0.695,0.46041
DW $u$ desc,102,0.7525,0.43156,0.7,0.45826
DW $u$ desc,103,0.7475,0.43445,0.695,0.46041
DW $u$ desc,104,0.7475,0.43445,0.6925,0.46146
DW $u$ desc,105,0.7525,0.43156,0.7,0.45826
DW $u$ desc,106,0.7475,0.43445,0.7025,0.45716
DW $u$ desc,107,0.7575,0.4286,0.7025,0.45716
DW $u$ desc,108,0.7475,0.43445,0.6975,0.45934
DW $u$ desc,109,0.74,0.43863,0.6975,0.45934
DW $u$ desc,110,0.7425,0.43726,0.7025,0.45716
DW $u$ desc,111,0.7525,0.43156,0.7025,0.45716
DW $u$ desc,112,0.755,0.43009,0.695,0.46041
DW $u$ desc,113,0.7575,0.4286,0.7025,0.45716
DW $u$ desc,114,0.765,0.424,0.6875,0.46351
DW $u$ desc,115,0.765,0.424,0.695,0.46041
DW $u$ desc,116,0.7675,0.42243,0.6975,0.45934
DW $u$ desc,117,0.7675,0.42243,0.7025,0.45716
DW $u$ desc,118,0.765,0.424,0.7075,0.45491
DW $u$ desc,119,0.7675,0.42243,0.7075,0.45491
DW $u$ desc,120,0.7625,0.42555,0.71,0.45376
DW $u$ desc,121,0.76,0.42708,0.71,0.45376
DW $u$ desc,122,0.765,0.424,0.7175,0.45022
DW $u$ desc,123,0.77,0.42083,0.7175,0.45022
DW $u$ desc,124,0.7675,0.42243,0.7175,0.45022
DW $u$ desc,125,0.77,0.42083,0.7175,0.45022
DW $u$ desc,126,0.77,0.42083,0.72,0.449
DW $u$ desc,127,0.7725,0.41922,0.725,0.44651
DW $u$ desc,128,0.77,0.42083,0.7175,0.45022
DW $u$ desc,129,0.7675,0.42243,0.7225,0.44777
DW $u$ desc,130,0.765,0.424,0.7325,0.44266
DW $u$ desc,131,0.7675,0.42243,0.74,0.43863
DW $u$ desc,132,0.77,0.42083,0.735,0.44133
DW $u$ desc,133,0.775,0.41758,0.735,0.44133
DW $u$ desc,134,0.7775,0.41593,0.73,0.44396
DW $u$ desc,135,0.7825,0.41255,0.7375,0.43999
DW $u$ desc,136,0.7825,0.41255,0.735,0.44133
DW $u$ desc,137,0.78,0.41425,0.74,0.43863
DW $u$ desc,138,0.785,0.41082,0.735,0.44133
DW $u$ desc,139,0.7875,0.40908,0.7375,0.43999
DW $u$ desc,140,0.79,0.40731,0.735,0.44133
DW $u$ desc,141,0.79,0.40731,0.7325,0.44266
DW $u$ desc,142,0.7975,0.40186,0.735,0.44133
DW $u$ desc,143,0.7975,0.40186,0.73,0.44396
DW $u$ desc,144,0.7975,0.40186,0.735,0.44133
DW $u$ desc,145,0.795,0.4037,0.735,0.44133
DW $u$ desc,146,0.795,0.4037,0.74,0.43863
DW $u$ desc,147,0.79,0.40731,0.73,0.44396
DW $u$ desc,148,0.7925,0.40552,0.735,0.44133
DW $u$ desc,149,0.7925,0.40552,0.7325,0.44266
DW $u$ desc,150,0.795,0.4037,0.735,0.44133
DW $u$ desc,151,0.7975,0.40186,0.7375,0.43999
DW $u$ desc,152,0.805,0.3962,0.735,0.44133
DW $u$ desc,153,0.7975,0.40186,0.735,0.44133
DW $u$ desc,154,0.8,0.4,0.74,0.43863
DW $u$ desc,155,0.8025,0.39811,0.74,0.43863
DW $u$ desc,156,0.805,0.3962,0.7375,0.43999
DW $u$ desc,157,0.805,0.3962,0.735,0.44133
DW $u$ desc,158,0.805,0.3962,0.745,0.43586
DW $u$ desc,159,0.81,0.3923,0.755,0.43009
DW $u$ desc,160,0.8025,0.39811,0.7525,0.43156
DW $u$ desc,161,0.81,0.3923,0.7575,0.4286
DW $u$ desc,162,0.8075,0.39426,0.7475,0.43445
DW $u$ desc,163,0.815,0.3883,0.75,0.43301
DW $u$ desc,164,0.8175,0.38626,0.75,0.43301
DW $u$ desc,165,0.8225,0.38209,0.755,0.43009
DW $u$ desc,166,0.815,0.3883,0.755,0.43009
DW $u$ desc,167,0.815,0.3883,0.7525,0.43156
DW $u$ desc,168,0.815,0.3883,0.755,0.43009
DW $u$ desc,169,0.815,0.3883,0.76,0.42708
DW $u$ desc,170,0.815,0.3883,0.76,0.42708
DW $u$ desc,171,0.81,0.3923,0.765,0.424
DW $u$ desc,172,0.8175,0.38626,0.7525,0.43156
DW $u$ desc,173,0.82,0.38419,0.76,0.42708
DW $u$ desc,174,0.8225,0.38209,0.755,0.43009
DW $u$ desc,175,0.8225,0.38209,0.7625,0.42555
DW $u$ desc,176,0.825,0.37997,0.765,0.424
DW $u$ desc,177,0.8225,0.38209,0.76,0.42708
DW $u$ desc,178,0.82,0.38419,0.7625,0.42555
DW $u$ desc,179,0.8175,0.38626,0.76,0.42708
DW $u$ desc,180,0.82,0.38419,0.7625,0.42555
DW $u$ desc,181,0.8225,0.38209,0.7625,0.42555
DW $u$ desc,182,0.8225,0.38209,0.7575,0.4286
DW $u$ desc,183,0.825,0.37997,0.765,0.424
DW $u$ desc,184,0.8225,0.38209,0.7675,0.42243
DW $u$ desc,185,0.8175,0.38626,0.77,0.42083
DW $u$ desc,186,0.8225,0.38209,0.7725,0.41922
DW $u$ desc,187,0.82,0.38419,0.77,0.42083
DW $u$ desc,188,0.8225,0.38209,0.765,0.424
DW $u$ desc,189,0.82,0.38419,0.7675,0.42243
DW $u$ desc,190,0.82,0.38419,0.77,0.42083
DW $u$ desc,191,0.815,0.3883,0.7725,0.41922
DW $u$ desc,192,0.8225,0.38209,0.775,0.41758
DW $u$ desc,193,0.8225,0.38209,0.7725,0.41922
DW $u$ desc,194,0.82,0.38419,0.7675,0.42243
DW $u$ desc,195,0.82,0.38419,0.7725,0.41922
DW $u$ desc,196,0.8175,0.38626,0.7675,0.42243
DW $u$ desc,197,0.82,0.38419,0.7725,0.41922
DW $u$ desc,198,0.8225,0.38209,0.77,0.42083
DW $u$ desc,199,0.82,0.38419,0.77,0.42083
DW $u$ desc,200,0.825,0.37997,0.77,0.42083
MUT $D$ desc,2,0.0,0.0,0.0525,0.22303
MUT $D$ desc,3,0.0075,0.08628,0.035,0.18378
MUT $D$ desc,4,0.005,0.07053,0.04,0.19596
MUT $D$ desc,5,0.015,0.12155,0.035,0.18378
MUT $D$ desc,6,0.0325,0.17732,0.03,0.17059
MUT $D$ desc,7,0.035,0.18378,0.0425,0.20173
MUT $D$ desc,8,0.0425,0.20173,0.0425,0.20173
MUT $D$ desc,9,0.055,0.22798,0.055,0.22798
MUT $D$ desc,10,0.07,0.25515,0.0725,0.25931
MUT $D$ desc,11,0.07,0.25515,0.0675,0.25089
MUT $D$ desc,12,0.0725,0.25931,0.0725,0.25931
MUT $D$ desc,13,0.095,0.29321,0.0975,0.29664
MUT $D$ desc,14,0.09,0.28618,0.105,0.30655
MUT $D$ desc,15,0.1025,0.3033,0.11,0.31289
MUT $D$ desc,16,0.1025,0.3033,0.115,0.31902
MUT $D$ desc,17,0.1025,0.3033,0.115,0.31902
MUT $D$ desc,18,0.115,0.31902,0.125,0.33072
MUT $D$ desc,19,0.13,0.3363,0.1325,0.33903
MUT $D$ desc,20,0.135,0.34172,0.135,0.34172
MUT $D$ desc,21,0.155,0.3619,0.145,0.3521
MUT $D$ desc,22,0.155,0.3619,0.15,0.35707
MUT $D$ desc,23,0.1625,0.36891,0.145,0.3521
MUT $D$ desc,24,0.165,0.37118,0.1475,0.3546
MUT $D$ desc,25,0.1675,0.37342,0.1475,0.3546
MUT $D$ desc,26,0.1775,0.38209,0.1425,0.34956
MUT $D$ desc,27,0.1775,0.38209,0.155,0.3619
MUT $D$ desc,28,0.18,0.38419,0.17,0.37563
MUT $D$ desc,29,0.17,0.37563,0.1675,0.37342
MUT $D$ desc,30,0.1775,0.38209,0.17,0.37563
MUT $D$ desc,31,0.1725,0.37781,0.1675,0.37342
MUT $D$ desc,32,0.175,0.37997,0.1525,0.3595
MUT $D$ desc,33,0.175,0.37997,0.18,0.38419
MUT $D$ desc,34,0.1675,0.37342,0.175,0.37997
MUT $D$ desc,35,0.1775,0.38209,0.17,0.37563
MUT $D$ desc,36,0.175,0.37997,0.1775,0.38209
MUT $D$ desc,37,0.1725,0.37781,0.18,0.38419
MUT $D$ desc,38,0.1725,0.37781,0.18,0.38419
MUT $D$ desc,39,0.1775,0.38209,0.195,0.3962
MUT $D$ desc,40,0.18,0.38419,0.1925,0.39426
MUT $D$ desc,41,0.175,0.37997,0.185,0.3883
MUT $D$ desc,42,0.17,0.37563,0.1875,0.39031
MUT $D$ desc,43,0.1825,0.38626,0.1975,0.39811
MUT $D$ desc,44,0.185,0.3883,0.205,0.4037
MUT $D$ desc,45,0.195,0.3962,0.1925,0.39426
MUT $D$ desc,46,0.2,0.4,0.185,0.3883
MUT $D$ desc,47,0.195,0.3962,0.1925,0.39426
MUT $D$ desc,48,0.195,0.3962,0.1975,0.39811
MUT $D$ desc,49,0.1975,0.39811,0.2025,0.40186
MUT $D$ desc,50,0.205,0.4037,0.21,0.40731
MUT $D$ desc,51,0.2125,0.40908,0.215,0.41082
MUT $D$ desc,52,0.205,0.4037,0.215,0.41082
MUT $D$ desc,53,0.215,0.41082,0.205,0.4037
MUT $D$ desc,54,0.22,0.41425,0.21,0.40731
MUT $D$ desc,55,0.2125,0.40908,0.2125,0.40908
MUT $D$ desc,56,0.2125,0.40908,0.2225,0.41593
MUT $D$ desc,57,0.2225,0.41593,0.215,0.41082
MUT $D$ desc,58,0.2275,0.41922,0.225,0.41758
MUT $D$ desc,59,0.2325,0.42243,0.2225,0.41593
MUT $D$ desc,60,0.2325,0.42243,0.2225,0.41593
MUT $D$ desc,61,0.23,0.42083,0.23,0.42083
MUT $D$ desc,62,0.2325,0.42243,0.2275,0.41922
MUT $D$ desc,63,0.23,0.42083,0.23,0.42083
MUT $D$ desc,64,0.2325,0.42243,0.23,0.42083
MUT $D$ desc,65,0.235,0.424,0.2325,0.42243
MUT $D$ desc,66,0.24,0.42708,0.2325,0.42243
MUT $D$ desc,67,0.24,0.42708,0.2325,0.42243
MUT $D$ desc,68,0.245,0.43009,0.2325,0.42243
MUT $D$ desc,69,0.2425,0.4286,0.23,0.42083
MUT $D$ desc,70,0.245,0.43009,0.23,0.42083
MUT $D$ desc,71,0.255,0.43586,0.235,0.424
MUT $D$ desc,72,0.25,0.43301,0.2375,0.42555
MUT $D$ desc,73,0.2525,0.43445,0.23,0.42083
MUT $D$ desc,74,0.25,0.43301,0.2425,0.4286
MUT $D$ desc,75,0.25,0.43301,0.25,0.43301
MUT $D$ desc,76,0.2575,0.43726,0.2625,0.43999
MUT $D$ desc,77,0.2575,0.43726,0.2725,0.44525
MUT $D$ desc,78,0.2525,0.43445,0.2775,0.44777
MUT $D$ desc,79,0.26,0.43863,0.2675,0.44266
MUT $D$ desc,80,0.2625,0.43999,0.27,0.44396
MUT $D$ desc,81,0.265,0.44133,0.2725,0.44525
MUT $D$ desc,82,0.27,0.44396,0.265,0.44133
MUT $D$ desc,83,0.2675,0.44266,0.2775,0.44777
MUT $D$ desc,84,0.255,0.43586,0.2725,0.44525
MUT $D$ desc,85,0.2525,0.43445,0.27,0.44396
MUT $D$ desc,86,0.26,0.43863,0.28,0.449
MUT $D$ desc,87,0.2725,0.44525,0.2875,0.4526
MUT $D$ desc,88,0.275,0.44651,0.2925,0.45491
MUT $D$ desc,89,0.265,0.44133,0.2775,0.44777
MUT $D$ desc,90,0.2825,0.45022,0.29,0.45376
MUT $D$ desc,91,0.28,0.449,0.2875,0.4526
MUT $D$ desc,92,0.2775,0.44777,0.2925,0.45491
MUT $D$ desc,93,0.285,0.45141,0.29,0.45376
MUT $D$ desc,94,0.295,0.45604,0.2875,0.4526
MUT $D$ desc,95,0.29,0.45376,0.2775,0.44777
MUT $D$ desc,96,0.2875,0.4526,0.275,0.44651
MUT $D$ desc,97,0.2775,0.44777,0.28,0.449
MUT $D$ desc,98,0.2775,0.44777,0.2775,0.44777
MUT $D$ desc,99,0.2775,0.44777,0.27,0.44396
MUT $D$ desc,100,0.2825,0.45022,0.2725,0.44525
MUT $D$ desc,101,0.295,0.45604,0.2675,0.44266
MUT $D$ desc,102,0.295,0.45604,0.2675,0.44266
MUT $D$ desc,103,0.285,0.45141,0.2725,0.44525
MUT $D$ desc,104,0.2775,0.44777,0.28,0.449
MUT $D$ desc,105,0.2725,0.44525,0.28,0.449
MUT $D$ desc,106,0.2875,0.4526,0.28,0.449
MUT $D$ desc,107,0.2875,0.4526,0.2825,0.45022
MUT $D$ desc,108,0.285,0.45141,0.2875,0.4526
MUT $D$ desc,109,0.295,0.45604,0.2875,0.4526
MUT $D$ desc,110,0.305,0.46041,0.285,0.45141
MUT $D$ desc,111,0.3,0.45826,0.2825,0.45022
MUT $D$ desc,112,0.3025,0.45934,0.2825,0.45022
MUT $D$ desc,113,0.32,0.46648,0.285,0.45141
MUT $D$ desc,114,0.3125,0.46351,0.295,0.45604
MUT $D$ desc,115,0.2975,0.45716,0.29,0.45376
MUT $D$ desc,116,0.3075,0.46146,0.29,0.45376
MUT $D$ desc,117,0.315,0.46452,0.29,0.45376
MUT $D$ desc,118,0.3075,0.46146,0.2925,0.45491
MUT $D$ desc,119,0.315,0.46452,0.2975,0.45716
MUT $D$ desc,120,0.315,0.46452,0.3,0.45826
MUT $D$ desc,121,0.32,0.46648,0.3,0.45826
MUT $D$ desc,122,0.32,0.46648,0.3075,0.46146
MUT $D$ desc,123,0.32,0.46648,0.31,0.46249
MUT $D$ desc,124,0.3225,0.46743,0.3075,0.46146
MUT $D$ desc,125,0.32,0.46648,0.31,0.46249
MUT $D$ desc,126,0.3175,0.4655,0.3075,0.46146
MUT $D$ desc,127,0.3225,0.46743,0.305,0.46041
MUT $D$ desc,128,0.325,0.46837,0.3025,0.45934
MUT $D$ desc,129,0.335,0.47199,0.3,0.45826
MUT $D$ desc,130,0.33,0.47021,0.3,0.45826
MUT $D$ desc,131,0.3275,0.4693,0.305,0.46041
MUT $D$ desc,132,0.3375,0.47286,0.3125,0.46351
MUT $D$ desc,133,0.3475,0.47618,0.315,0.46452
MUT $D$ desc,134,0.34,0.47371,0.305,0.46041
MUT $D$ desc,135,0.345,0.47537,0.3075,0.46146
MUT $D$ desc,136,0.3425,0.47455,0.3125,0.46351
MUT $D$ desc,137,0.355,0.47851,0.325,0.46837
MUT $D$ desc,138,0.35,0.47697,0.32,0.46648
MUT $D$ desc,139,0.3525,0.47775,0.3175,0.4655
MUT $D$ desc,140,0.3475,0.47618,0.3175,0.4655
MUT $D$ desc,141,0.3525,0.47775,0.3225,0.46743
MUT $D$ desc,142,0.3625,0.48072,0.3225,0.46743
MUT $D$ desc,143,0.355,0.47851,0.3125,0.46351
MUT $D$ desc,144,0.35,0.47697,0.315,0.46452
MUT $D$ desc,145,0.3525,0.47775,0.31,0.46249
MUT $D$ desc,146,0.35,0.47697,0.315,0.46452
MUT $D$ desc,147,0.3425,0.47455,0.305,0.46041
MUT $D$ desc,148,0.345,0.47537,0.3075,0.46146
MUT $D$ desc,149,0.3425,0.47455,0.305,0.46041
MUT $D$ desc,150,0.355,0.47851,0.3125,0.46351
MUT $D$ desc,151,0.3525,0.47775,0.31,0.46249
MUT $D$ desc,152,0.3475,0.47618,0.3125,0.46351
MUT $D$ desc,153,0.3575,0.47926,0.3175,0.4655
MUT $D$ desc,154,0.355,0.47851,0.32,0.46648
MUT $D$ desc,155,0.3575,0.47926,0.325,0.46837
MUT $D$ desc,156,0.3575,0.47926,0.3275,0.4693
MUT $D$ desc,157,0.365,0.48143,0.3175,0.4655
MUT $D$ desc,158,0.365,0.48143,0.3275,0.4693
MUT $D$ desc,159,0.37,0.4828,0.33,0.47021
MUT $D$ desc,160,0.37,0.4828,0.3275,0.4693
MUT $D$ desc,161,0.37,0.4828,0.3375,0.47286
MUT $D$ desc,162,0.37,0.4828,0.335,0.47199
MUT $D$ desc,163,0.37,0.4828,0.345,0.47537
MUT $D$ desc,164,0.3725,0.48347,0.3425,0.47455
MUT $D$ desc,165,0.375,0.48412,0.34,0.47371
MUT $D$ desc,166,0.3675,0.48212,0.34,0.47371
MUT $D$ desc,167,0.3775,0.48476,0.34,0.47371
MUT $D$ desc,168,0.3775,0.48476,0.3475,0.47618
MUT $D$ desc,169,0.39,0.48775,0.3475,0.47618
MUT $D$ desc,170,0.39,0.48775,0.35,0.47697
MUT $D$ desc,171,0.38,0.48539,0.3525,0.47775
MUT $D$ desc,172,0.39,0.48775,0.35,0.47697
MUT $D$ desc,173,0.3875,0.48718,0.3475,0.47618
MUT $D$ desc,174,0.38,0.48539,0.3425,0.47455
MUT $D$ desc,175,0.3825,0.486,0.35,0.47697
MUT $D$ desc,176,0.3775,0.48476,0.3575,0.47926
MUT $D$ desc,177,0.3875,0.48718,0.365,0.48143
MUT $D$ desc,178,0.3875,0.48718,0.3625,0.48072
MUT $D$ desc,179,0.3875,0.48718,0.36,0.48
MUT $D$ desc,180,0.3925,0.48831,0.355,0.47851
MUT $D$ desc,181,0.3775,0.48476,0.335,0.47199
MUT $D$ desc,182,0.385,0.4866,0.35,0.47697
MUT $D$ desc,183,0.3825,0.486,0.34,0.47371
MUT $D$ desc,184,0.3775,0.48476,0.345,0.47537
MUT $D$ desc,185,0.385,0.4866,0.3425,0.47455
MUT $D$ desc,186,0.3825,0.486,0.34,0.47371
MUT $D$ desc,187,0.38,0.48539,0.34,0.47371
MUT $D$ desc,188,0.38,0.48539,0.3475,0.47618
MUT $D$ desc,189,0.38,0.48539,0.3425,0.47455
MUT $D$ desc,190,0.3825,0.486,0.3425,0.47455
MUT $D$ desc,191,0.385,0.4866,0.3525,0.47775
MUT $D$ desc,192,0.39,0.48775,0.3475,0.47618
MUT $D$ desc,193,0.385,0.4866,0.3475,0.47618
MUT $D$ desc,194,0.39,0.48775,0.3525,0.47775
MUT $D$ desc,195,0.385,0.4866,0.3525,0.47775
MUT $D$ desc,196,0.4,0.4899,0.3475,0.47618
MUT $D$ desc,197,0.3975,0.48938,0.35,0.47697
MUT $D$ desc,198,0.395,0.48885,0.36,0.48
MUT $D$ desc,199,0.3925,0.48831,0.3525,0.47775
MUT $D$ desc,200,0.39,0.48775,0.3525,0.47775
MUT $u$ desc,2,0.0,0.0,0.0425,0.20173
MUT $u$ desc,3,0.005,0.07053,0.02,0.14
MUT $u$ desc,4,0.0025,0.04994,0.0225,0.1483
MUT $u$ desc,5,0.0125,0.1111,0.0275,0.16354
MUT $u$ desc,6,0.0125,0.1111,0.0375,0.18998
MUT $u$ desc,7,0.0125,0.1111,0.0425,0.20173
MUT $u$ desc,8,0.0225,0.1483,0.0375,0.18998
MUT $u$ desc,9,0.035,0.18378,0.055,0.22798
MUT $u$ desc,10,0.04,0.19596,0.0575,0.2328
MUT $u$ desc,11,0.05,0.21794,0.0625,0.24206
MUT $u$ desc,12,0.04,0.19596,0.0725,0.25931
MUT $u$ desc,13,0.0425,0.20173,0.075,0.26339
MUT $u$ desc,14,0.0625,0.24206,0.095,0.29321
MUT $u$ desc,15,0.0675,0.25089,0.0925,0.28973
MUT $u$ desc,16,0.07,0.25515,0.135,0.34172
MUT $u$ desc,17,0.095,0.29321,0.1475,0.3546
MUT $u$ desc,18,0.11,0.31289,0.1475,0.3546
MUT $u$ desc,19,0.12,0.32496,0.185,0.3883
MUT $u$ desc,20,0.1325,0.33903,0.1975,0.39811
MUT $u$ desc,21,0.1275,0.33353,0.205,0.4037
MUT $u$ desc,22,0.135,0.34172,0.215,0.41082
MUT $u$ desc,23,0.155,0.3619,0.1975,0.39811
MUT $u$ desc,24,0.16,0.36661,0.21,0.40731
MUT $u$ desc,25,0.17,0.37563,0.2125,0.40908
MUT $u$ desc,26,0.1775,0.38209,0.245,0.43009
MUT $u$ desc,27,0.185,0.3883,0.2625,0.43999
MUT $u$ desc,28,0.195,0.3962,0.26,0.43863
MUT $u$ desc,29,0.2,0.4,0.2575,0.43726
MUT $u$ desc,30,0.215,0.41082,0.2675,0.44266
MUT $u$ desc,31,0.225,0.41758,0.2975,0.45716
MUT $u$ desc,32,0.235,0.424,0.2975,0.45716
MUT $u$ desc,33,0.2575,0.43726,0.295,0.45604
MUT $u$ desc,34,0.2875,0.4526,0.3225,0.46743
MUT $u$ desc,35,0.29,0.45376,0.3375,0.47286
MUT $u$ desc,36,0.3075,0.46146,0.365,0.48143
MUT $u$ desc,37,0.3125,0.46351,0.3775,0.48476
MUT $u$ desc,38,0.325,0.46837,0.38,0.48539
MUT $u$ desc,39,0.325,0.46837,0.375,0.48412
MUT $u$ desc,40,0.335,0.47199,0.39,0.48775
MUT $u$ desc,41,0.3525,0.47775,0.395,0.48885
MUT $u$ desc,42,0.3525,0.47775,0.41,0.49183
MUT $u$ desc,43,0.345,0.47537,0.4,0.4899
MUT $u$ desc,44,0.3525,0.47775,0.4075,0.49137
MUT $u$ desc,45,0.355,0.47851,0.41,0.49183
MUT $u$ desc,46,0.3775,0.48476,0.43,0.49508
MUT $u$ desc,47,0.3875,0.48718,0.44,0.49639
MUT $u$ desc,48,0.4025,0.4904,0.4475,0.49724
MUT $u$ desc,49,0.42,0.49356,0.45,0.49749
MUT $u$ desc,50,0.4425,0.49668,0.47,0.4991
MUT $u$ desc,51,0.4325,0.49542,0.4875,0.49984
MUT $u$ desc,52,0.4525,0.49774,0.4975,0.49999
MUT $u$ desc,53,0.46,0.4984,0.51,0.4999
MUT $u$ desc,54,0.475,0.49937,0.515,0.49977
MUT $u$ desc,55,0.485,0.49977,0.5175,0.49969
MUT $u$ desc,56,0.4775,0.49949,0.5275,0.49924
MUT $u$ desc,57,0.4925,0.49994,0.5275,0.49924
MUT $u$ desc,58,0.495,0.49997,0.5225,0.49949
MUT $u$ desc,59,0.505,0.49997,0.525,0.49937
MUT $u$ desc,60,0.5175,0.49969,0.5575,0.49668
MUT $u$ desc,61,0.5225,0.49949,0.555,0.49697
MUT $u$ desc,62,0.5275,0.49924,0.5475,0.49774
MUT $u$ desc,63,0.525,0.49937,0.55,0.49749
MUT $u$ desc,64,0.535,0.49877,0.5475,0.49774
MUT $u$ desc,65,0.54,0.4984,0.56,0.49639
MUT $u$ desc,66,0.535,0.49877,0.56,0.49639
MUT $u$ desc,67,0.5475,0.49774,0.5725,0.49472
MUT $u$ desc,68,0.57,0.49508,0.58,0.49356
MUT $u$ desc,69,0.57,0.49508,0.585,0.49272
MUT $u$ desc,70,0.5725,0.49472,0.585,0.49272
MUT $u$ desc,71,0.58,0.49356,0.6,0.4899
MUT $u$ desc,72,0.6075,0.48831,0.6,0.4899
MUT $u$ desc,73,0.6025,0.48938,0.615,0.4866
MUT $u$ desc,74,0.6025,0.48938,0.615,0.4866
MUT $u$ desc,75,0.6125,0.48718,0.6225,0.48476
MUT $u$ desc,76,0.615,0.4866,0.625,0.48412
MUT $u$ desc,77,0.625,0.48412,0.6225,0.48476
MUT $u$ desc,78,0.625,0.48412,0.6275,0.48347
MUT $u$ desc,79,0.63,0.4828,0.64,0.48
MUT $u$ desc,80,0.6375,0.48072,0.6525,0.47618
MUT $u$ desc,81,0.635,0.48143,0.6525,0.47618
MUT $u$ desc,82,0.6375,0.48072,0.6425,0.47926
MUT $u$ desc,83,0.6425,0.47926,0.645,0.47851
MUT $u$ desc,84,0.645,0.47851,0.65,0.47697
MUT $u$ desc,85,0.6475,0.47775,0.6525,0.47618
MUT $u$ desc,86,0.6575,0.47455,0.6525,0.47618
MUT $u$ desc,87,0.6625,0.47286,0.6475,0.47775
MUT $u$ desc,88,0.6725,0.4693,0.65,0.47697
MUT $u$ desc,89,0.67,0.47021,0.655,0.47537
MUT $u$ desc,90,0.6625,0.47286,0.6625,0.47286
MUT $u$ desc,91,0.6725,0.4693,0.6625,0.47286
MUT $u$ desc,92,0.6825,0.4655,0.655,0.47537
MUT $u$ desc,93,0.6825,0.4655,0.65,0.47697
MUT $u$ desc,94,0.69,0.46249,0.6425,0.47926
MUT $u$ desc,95,0.69,0.46249,0.655,0.47537
MUT $u$ desc,96,0.6925,0.46146,0.665,0.47199
MUT $u$ desc,97,0.695,0.46041,0.675,0.46837
MUT $u$ desc,98,0.705,0.45604,0.6725,0.4693
MUT $u$ desc,99,0.7025,0.45716,0.675,0.46837
MUT $u$ desc,100,0.7025,0.45716,0.67,0.47021
MUT $u$ desc,101,0.7,0.45826,0.6675,0.47111
MUT $u$ desc,102,0.695,0.46041,0.675,0.46837
MUT $u$ desc,103,0.7,0.45826,0.6775,0.46743
MUT $u$ desc,104,0.71,0.45376,0.685,0.46452
MUT $u$ desc,105,0.7175,0.45022,0.69,0.46249
MUT $u$ desc,106,0.72,0.449,0.6925,0.46146
MUT $u$ desc,107,0.7225,0.44777,0.7,0.45826
MUT $u$ desc,108,0.7225,0.44777,0.7025,0.45716
MUT $u$ desc,109,0.7225,0.44777,0.7175,0.45022
MUT $u$ desc,110,0.7275,0.44525,0.715,0.45141
MUT $u$ desc,111,0.73,0.44396,0.72,0.449
MUT $u$ desc,112,0.74,0.43863,0.7175,0.45022
MUT $u$ desc,113,0.7325,0.44266,0.7125,0.4526
MUT $u$ desc,114,0.7325,0.44266,0.7175,0.45022
MUT $u$ desc,115,0.73,0.44396,0.7175,0.45022
MUT $u$ desc,116,0.7325,0.44266,0.715,0.45141
MUT $u$ desc,117,0.7275,0.44525,0.7175,0.45022
MUT $u$ desc,118,0.7325,0.44266,0.7275,0.44525
MUT $u$ desc,119,0.735,0.44133,0.735,0.44133
MUT $u$ desc,120,0.7375,0.43999,0.745,0.43586
MUT $u$ desc,121,0.7375,0.43999,0.75,0.43301
MUT $u$ desc,122,0.7375,0.43999,0.745,0.43586
MUT $u$ desc,123,0.7425,0.43726,0.7475,0.43445
MUT $u$ desc,124,0.745,0.43586,0.755,0.43009
MUT $u$ desc,125,0.75,0.43301,0.76,0.42708
MUT $u$ desc,126,0.74,0.43863,0.76,0.42708
MUT $u$ desc,127,0.7425,0.43726,0.7625,0.42555
MUT $u$ desc,128,0.74,0.43863,0.775,0.41758
MUT $u$ desc,129,0.75,0.43301,0.775,0.41758
MUT $u$ desc,130,0.76,0.42708,0.7675,0.42243
MUT $u$ desc,131,0.76,0.42708,0.7725,0.41922
MUT $u$ desc,132,0.765,0.424,0.7775,0.41593
MUT $u$ desc,133,0.765,0.424,0.775,0.41758
MUT $u$ desc,134,0.765,0.424,0.7725,0.41922
MUT $u$ desc,135,0.7775,0.41593,0.7725,0.41922
MUT $u$ desc,136,0.775,0.41758,0.7775,0.41593
MUT $u$ desc,137,0.775,0.41758,0.78,0.41425
MUT $u$ desc,138,0.77,0.42083,0.78,0.41425
MUT $u$ desc,139,0.775,0.41758,0.775,0.41758
MUT $u$ desc,140,0.7825,0.41255,0.7775,0.41593
MUT $u$ desc,141,0.7825,0.41255,0.78,0.41425
MUT $u$ desc,142,0.785,0.41082,0.78,0.41425
MUT $u$ desc,143,0.79,0.40731,0.7825,0.41255
MUT $u$ desc,144,0.79,0.40731,0.785,0.41082
MUT $u$ desc,145,0.7875,0.40908,0.7825,0.41255
MUT $u$ desc,146,0.7875,0.40908,0.78,0.41425
MUT $u$ desc,147,0.795,0.4037,0.775,0.41758
MUT $u$ desc,148,0.7925,0.40552,0.7725,0.41922
MUT $u$ desc,149,0.7925,0.40552,0.7775,0.41593
MUT $u$ desc,150,0.7975,0.40186,0.7825,0.41255
MUT $u$ desc,151,0.8,0.4,0.79,0.40731
MUT $u$ desc,152,0.8075,0.39426,0.7975,0.40186
MUT $u$ desc,153,0.8075,0.39426,0.795,0.4037
MUT $u$ desc,154,0.8075,0.39426,0.8,0.4
MUT $u$ desc,155,0.8025,0.39811,0.795,0.4037
MUT $u$ desc,156,0.81,0.3923,0.7925,0.40552
MUT $u$ desc,157,0.815,0.3883,0.7925,0.40552
MUT $u$ desc,158,0.82,0.38419,0.8,0.4
MUT $u$ desc,159,0.82,0.38419,0.795,0.4037
MUT $u$ desc,160,0.81,0.3923,0.8,0.4
MUT $u$ desc,161,0.815,0.3883,0.7975,0.40186
MUT $u$ desc,162,0.8125,0.39031,0.7975,0.40186
MUT $u$ desc,163,0.8125,0.39031,0.7925,0.40552
MUT $u$ desc,164,0.8175,0.38626,0.795,0.4037
MUT $u$ desc,165,0.815,0.3883,0.8075,0.39426
MUT $u$ desc,166,0.8125,0.39031,0.805,0.3962
MUT $u$ desc,167,0.81,0.3923,0.8025,0.39811
MUT $u$ desc,168,0.81,0.3923,0.8025,0.39811
MUT $u$ desc,169,0.8175,0.38626,0.8,0.4
MUT $u$ desc,170,0.8225,0.38209,0.8075,0.39426
MUT $u$ desc,171,0.8225,0.38209,0.8125,0.39031
MUT $u$ desc,172,0.835,0.37118,0.8075,0.39426
MUT $u$ desc,173,0.8375,0.36891,0.8075,0.39426
MUT $u$ desc,174,0.835,0.37118,0.8025,0.39811
MUT $u$ desc,175,0.835,0.37118,0.805,0.3962
MUT $u$ desc,176,0.8375,0.36891,0.8075,0.39426
MUT $u$ desc,177,0.8375,0.36891,0.8075,0.39426
MUT $u$ desc,178,0.84,0.36661,0.8075,0.39426
MUT $u$ desc,179,0.845,0.3619,0.81,0.3923
MUT $u$ desc,180,0.845,0.3619,0.8125,0.39031
MUT $u$ desc,181,0.8475,0.3595,0.8175,0.38626
MUT $u$ desc,182,0.84,0.36661,0.8225,0.38209
MUT $u$ desc,183,0.8375,0.36891,0.8225,0.38209
MUT $u$ desc,184,0.84,0.36661,0.82,0.38419
MUT $u$ desc,185,0.84,0.36661,0.82,0.38419
MUT $u$ desc,186,0.84,0.36661,0.82,0.38419
MUT $u$ desc,187,0.8475,0.3595,0.8225,0.38209
MUT $u$ desc,188,0.8425,0.36427,0.825,0.37997
MUT $u$ desc,189,0.845,0.3619,0.8275,0.37781
MUT $u$ desc,190,0.8425,0.36427,0.8275,0.37781
MUT $u$ desc,191,0.8425,0.36427,0.82,0.38419
MUT $u$ desc,192,0.84,0.36661,0.8175,0.38626
MUT $u$ desc,193,0.8475,0.3595,0.8175,0.38626
MUT $u$ desc,194,0.85,0.35707,0.8175,0.38626
MUT $u$ desc,195,0.85,0.35707,0.8225,0.38209
MUT $u$ desc,196,0.85,0.35707,0.825,0.37997
MUT $u$ desc,197,0.8475,0.3595,0.83,0.37563
MUT $u$ desc,198,0.85,0.35707,0.8325,0.37342
MUT $u$ desc,199,0.85,0.35707,0.8325,0.37342
MUT $u$ desc,200,0.8525,0.3546,0.835,0.37118
SIS $D$ asc,2,0.0025,0.04994,0.0325,0.17732
SIS $D$ asc,3,0.0075,0.08628,0.02,0.14
SIS $D$ asc,4,0.01,0.0995,0.0175,0.13112
SIS $D$ asc,5,0.0125,0.1111,0.0225,0.1483
SIS $D$ asc,6,0.0175,0.13112,0.0425,0.20173
SIS $D$ asc,7,0.0175,0.13112,0.03,0.17059
SIS $D$ asc,8,0.0325,0.17732,0.04,0.19596
SIS $D$ asc,9,0.0275,0.16354,0.04,0.19596
SIS $D$ asc,10,0.035,0.18378,0.0375,0.18998
SIS $D$ asc,11,0.0375,0.18998,0.0325,0.17732
SIS $D$ asc,12,0.0475,0.21271,0.035,0.18378
SIS $D$ asc,13,0.05,0.21794,0.04,0.19596
SIS $D$ asc,14,0.0475,0.21271,0.0425,0.20173
SIS $D$ asc,15,0.06,0.23749,0.05,0.21794
SIS $D$ asc,16,0.06,0.23749,0.0375,0.18998
SIS $D$ asc,17,0.0675,0.25089,0.0575,0.2328
SIS $D$ asc,18,0.0825,0.27512,0.0575,0.2328
SIS $D$ asc,19,0.0925,0.28973,0.0475,0.21271
SIS $D$ asc,20,0.0925,0.28973,0.06,0.23749
SIS $D$ asc,21,0.1,0.3,0.0775,0.26738
SIS $D$ asc,22,0.1,0.3,0.0875,0.28257
SIS $D$ asc,23,0.105,0.30655,0.085,0.27888
SIS $D$ asc,24,0.1175,0.32202,0.09,0.28618
SIS $D$ asc,25,0.12,0.32496,0.09,0.28618
SIS $D$ asc,26,0.1275,0.33353,0.085,0.27888
SIS $D$ asc,27,0.13,0.3363,0.0875,0.28257
SIS $D$ asc,28,0.1475,0.3546,0.0975,0.29664
SIS $D$ asc,29,0.15,0.35707,0.095,0.29321
SIS $D$ asc,30,0.155,0.3619,0.11,0.31289
SIS $D$ asc,31,0.155,0.3619,0.11,0.31289
SIS $D$ asc,32,0.1625,0.36891,0.1225,0.32786
SIS $D$ asc,33,0.1725,0.37781,0.1375,0.34437
SIS $D$ asc,34,0.1725,0.37781,0.13,0.3363
SIS $D$ asc,35,0.1625,0.36891,0.1425,0.34956
SIS $D$ asc,36,0.1725,0.37781,0.15,0.35707
SIS $D$ asc,37,0.18,0.38419,0.15,0.35707
SIS $D$ asc,38,0.1875,0.39031,0.15,0.35707
SIS $D$ asc,39,0.185,0.3883,0.1625,0.36891
SIS $D$ asc,40,0.195,0.3962,0.1575,0.36427
SIS $D$ asc,41,0.2125,0.40908,0.155,0.3619
SIS $D$ asc,42,0.2225,0.41593,0.1525,0.3595
SIS $D$ asc,43,0.2175,0.41255,0.1475,0.3546
SIS $D$ asc,44,0.2175,0.41255,0.155,0.3619
SIS $D$ asc,45,0.2175,0.41255,0.1625,0.36891
SIS $D$ asc,46,0.2075,0.40552,0.1675,0.37342
SIS $D$ asc,47,0.22,0.41425,0.1725,0.37781
SIS $D$ asc,48,0.225,0.41758,0.1675,0.37342
SIS $D$ asc,49,0.23,0.42083,0.1675,0.37342
SIS $D$ asc,50,0.2325,0.42243,0.1675,0.37342
SIS $D$ asc,51,0.225,0.41758,0.165,0.37118
SIS $D$ asc,52,0.2375,0.42555,0.1675,0.37342
SIS $D$ asc,53,0.235,0.424,0.1825,0.38626
SIS $D$ asc,54,0.2275,0.41922,0.16,0.36661
SIS $D$ asc,55,0.24,0.42708,0.1825,0.38626
SIS $D$ asc,56,0.245,0.43009,0.185,0.3883
SIS $D$ asc,57,0.245,0.43009,0.1875,0.39031
SIS $D$ asc,58,0.26,0.43863,0.19,0.3923
SIS $D$ asc,59,0.2525,0.43445,0.1925,0.39426
SIS $D$ asc,60,0.2625,0.43999,0.1975,0.39811
SIS $D$ asc,61,0.27,0.44396,0.19,0.3923
SIS $D$ asc,62,0.26,0.43863,0.1875,0.39031
SIS $D$ asc,63,0.26,0.43863,0.1925,0.39426
SIS $D$ asc,64,0.27,0.44396,0.195,0.3962
SIS $D$ asc,65,0.2625,0.43999,0.21,0.40731
SIS $D$ asc,66,0.265,0.44133,0.19,0.3923
SIS $D$ asc,67,0.2675,0.44266,0.1975,0.39811
SIS $D$ asc,68,0.2725,0.44525,0.1875,0.39031
SIS $D$ asc,69,0.275,0.44651,0.2,0.4
SIS $D$ asc,70,0.2875,0.4526,0.2125,0.40908
SIS $D$ asc,71,0.285,0.45141,0.215,0.41082
SIS $D$ asc,72,0.2875,0.4526,0.22,0.41425
SIS $D$ asc,73,0.29,0.45376,0.2175,0.41255
SIS $D$ asc,74,0.2825,0.45022,0.2175,0.41255
SIS $D$ asc,75,0.295,0.45604,0.2175,0.41255
SIS $D$ asc,76,0.285,0.45141,0.215,0.41082
SIS $D$ asc,77,0.295,0.45604,0.2175,0.41255
SIS $D$ asc,78,0.3,0.45826,0.22,0.41425
SIS $D$ asc,79,0.295,0.45604,0.2225,0.41593
SIS $D$ asc,80,0.295,0.45604,0.225,0.41758
SIS $D$ asc,81,0.29,0.45376,0.2175,0.41255
SIS $D$ asc,82,0.2925,0.45491,0.21,0.40731
SIS $D$ asc,83,0.295,0.45604,0.21,0.40731
SIS $D$ asc,84,0.305,0.46041,0.215,0.41082
SIS $D$ asc,85,0.3125,0.46351,0.225,0.41758
SIS $D$ asc,86,0.31,0.46249,0.23,0.42083
SIS $D$ asc,87,0.3075,0.46146,0.23,0.42083
SIS $D$ asc,88,0.3025,0.45934,0.2275,0.41922
SIS $D$ asc,89,0.3025,0.45934,0.24,0.42708
SIS $D$ asc,90,0.305,0.46041,0.2275,0.41922
SIS $D$ asc,91,0.3075,0.46146,0.225,0.41758
SIS $D$ asc,92,0.3125,0.46351,0.23,0.42083
SIS $D$ asc,93,0.31,0.46249,0.2425,0.4286
SIS $D$ asc,94,0.3075,0.46146,0.24,0.42708
SIS $D$ asc,95,0.3125,0.46351,0.245,0.43009
SIS $D$ asc,96,0.31,0.46249,0.2475,0.43156
SIS $D$ asc,97,0.3075,0.46146,0.2475,0.43156
SIS $D$ asc,98,0.31,0.46249,0.2475,0.43156
SIS $D$ asc,99,0.305,0.46041,0.2475,0.43156
SIS $D$ asc,100,0.315,0.46452,0.2625,0.43999
SIS $D$ asc,101,0.3225,0.46743,0.255,0.43586
SIS $D$ asc,102,0.3275,0.4693,0.25,0.43301
SIS $D$ asc,103,0.3275,0.4693,0.245,0.43009
SIS $D$ asc,104,0.3375,0.47286,0.25,0.43301
SIS $D$ asc,105,0.335,0.47199,0.26,0.43863
SIS $D$ asc,106,0.3325,0.47111,0.2625,0.43999
SIS $D$ asc,107,0.33,0.47021,0.2675,0.44266
SIS $D$ asc,108,0.3425,0.47455,0.27,0.44396
SIS $D$ asc,109,0.335,0.47199,0.2675,0.44266
SIS $D$ asc,110,0.3375,0.47286,0.275,0.44651
SIS $D$ asc,111,0.335,0.47199,0.2775,0.44777
SIS $D$ asc,112,0.3375,0.47286,0.27,0.44396
SIS $D$ asc,113,0.3375,0.47286,0.2675,0.44266
SIS $D$ asc,114,0.3375,0.47286,0.275,0.44651
SIS $D$ asc,115,0.335,0.47199,0.2725,0.44525
SIS $D$ asc,116,0.3325,0.47111,0.2775,0.44777
SIS $D$ asc,117,0.3425,0.47455,0.28,0.449
SIS $D$ asc,118,0.345,0.47537,0.28,0.449
SIS $D$ asc,119,0.35,0.47697,0.275,0.44651
SIS $D$ asc,120,0.345,0.47537,0.28,0.449
SIS $D$ asc,121,0.3425,0.47455,0.2825,0.45022
SIS $D$ asc,122,0.3475,0.47618,0.285,0.45141
SIS $D$ asc,123,0.35,0.47697,0.29,0.45376
SIS $D$ asc,124,0.3625,0.48072,0.2875,0.4526
SIS $D$ asc,125,0.3625,0.48072,0.285,0.45141
SIS $D$ asc,126,0.3725,0.48347,0.2925,0.45491
SIS $D$ asc,127,0.3775,0.48476,0.28,0.449
SIS $D$ asc,128,0.37,0.4828,0.285,0.45141
SIS $D$ asc,129,0.37,0.4828,0.29,0.45376
SIS $D$ asc,130,0.3675,0.48212,0.2875,0.4526
SIS $D$ asc,131,0.3675,0.48212,0.29,0.45376
SIS $D$ asc,132,0.3675,0.48212,0.2975,0.45716
SIS $D$ asc,133,0.3725,0.48347,0.295,0.45604
SIS $D$ asc,134,0.37,0.4828,0.29,0.45376
SIS $D$ asc,135,0.37,0.4828,0.285,0.45141
SIS $D$ asc,136,0.3625,0.48072,0.2825,0.45022
SIS $D$ asc,137,0.3725,0.48347,0.2925,0.45491
SIS $D$ asc,138,0.37,0.4828,0.2925,0.45491
SIS $D$ asc,139,0.3725,0.48347,0.29,0.45376
SIS $D$ asc,140,0.3775,0.48476,0.2925,0.45491
SIS $D$ asc,141,0.3725,0.48347,0.295,0.45604
SIS $D$ asc,142,0.3725,0.48347,0.295,0.45604
SIS $D$ asc,143,0.375,0.48412,0.2975,0.45716
SIS $D$ asc,144,0.3775,0.48476,0.3,0.45826
SIS $D$ asc,145,0.3775,0.48476,0.3,0.45826
SIS $D$ asc,146,0.38,0.48539,0.305,0.46041
SIS $D$ asc,147,0.3775,0.48476,0.3075,0.46146
SIS $D$ asc,148,0.37,0.4828,0.31,0.46249
SIS $D$ asc,149,0.3775,0.48476,0.3125,0.46351
SIS $D$ asc,150,0.375,0.48412,0.3125,0.46351
SIS $D$ asc,151,0.3775,0.48476,0.315,0.46452
SIS $D$ asc,152,0.37,0.4828,0.31,0.46249
SIS $D$ asc,153,0.375,0.48412,0.3075,0.46146
SIS $D$ asc,154,0.365,0.48143,0.31,0.46249
SIS $D$ asc,155,0.3725,0.48347,0.31,0.46249
SIS $D$ asc,156,0.3725,0.48347,0.3125,0.46351
SIS $D$ asc,157,0.3775,0.48476,0.315,0.46452
SIS $D$ asc,158,0.375,0.48412,0.3125,0.46351
SIS $D$ asc,159,0.38,0.48539,0.3175,0.4655
SIS $D$ asc,160,0.385,0.4866,0.315,0.46452
SIS $D$ asc,161,0.385,0.4866,0.3125,0.46351
SIS $D$ asc,162,0.39,0.48775,0.32,0.46648
SIS $D$ asc,163,0.3975,0.48938,0.3325,0.47111
SIS $D$ asc,164,0.3925,0.48831,0.325,0.46837
SIS $D$ asc,165,0.395,0.48885,0.325,0.46837
SIS $D$ asc,166,0.395,0.48885,0.32,0.46648
SIS $D$ asc,167,0.395,0.48885,0.3175,0.4655
SIS $D$ asc,168,0.3975,0.48938,0.32,0.46648
SIS $D$ asc,169,0.385,0.4866,0.33,0.47021
SIS $D$ asc,170,0.3875,0.48718,0.33,0.47021
SIS $D$ asc,171,0.3875,0.48718,0.33,0.47021
SIS $D$ asc,172,0.39,0.48775,0.34,0.47371
SIS $D$ asc,173,0.3925,0.48831,0.3375,0.47286
SIS $D$ asc,174,0.3975,0.48938,0.3425,0.47455
SIS $D$ asc,175,0.4,0.4899,0.3475,0.47618
SIS $D$ asc,176,0.4025,0.4904,0.35,0.47697
SIS $D$ asc,177,0.3975,0.48938,0.3475,0.47618
SIS $D$ asc,178,0.4025,0.4904,0.3525,0.47775
SIS $D$ asc,179,0.4025,0.4904,0.35,0.47697
SIS $D$ asc,180,0.395,0.48885,0.35,0.47697
SIS $D$ asc,181,0.405,0.49089,0.3475,0.47618
SIS $D$ asc,182,0.4,0.4899,0.345,0.47537
SIS $D$ asc,183,0.4,0.4899,0.345,0.47537
SIS $D$ asc,184,0.4025,0.4904,0.3475,0.47618
SIS $D$ asc,185,0.4,0.4899,0.3475,0.47618
SIS $D$ asc,186,0.4,0.4899,0.35,0.47697
SIS $D$ asc,187,0.395,0.48885,0.3525,0.47775
SIS $D$ asc,188,0.4025,0.4904,0.3575,0.47926
SIS $D$ asc,189,0.4075,0.49137,0.36,0.48
SIS $D$ asc,190,0.4075,0.49137,0.355,0.47851
SIS $D$ asc,191,0.41,0.49183,0.355,0.47851
SIS $D$ asc,192,0.405,0.49089,0.3575,0.47926
SIS $D$ asc,193,0.405,0.49089,0.3575,0.47926
SIS $D$ asc,194,0.405,0.49089,0.3525,0.47775
SIS $D$ asc,195,0.405,0.49089,0.3525,0.47775
SIS $D$ asc,196,0.41,0.49183,0.35,0.47697
SIS $D$ asc,197,0.41,0.49183,0.3525,0.47775
SIS $D$ asc,198,0.41,0.49183,0.355,0.47851
SIS $D$ asc,199,0.41,0.49183,0.355,0.47851
SIS $D$ asc,200,0.4075,0.49137,0.3525,0.47775
SIS $D$ desc,2,0.0675,0.25089,0.17,0.37563
SIS $D$ desc,3,0.13,0.3363,0.1925,0.39426
SIS $D$ desc,4,0.1925,0.39426,0.23,0.42083
SIS $D$ desc,5,0.2225,0.41593,0.265,0.44133
SIS $D$ desc,6,0.2675,0.44266,0.28,0.449
SIS $D$ desc,7,0.32,0.46648,0.3575,0.47926
SIS $D$ desc,8,0.3325,0.47111,0.365,0.48143
SIS $D$ desc,9,0.3475,0.47618,0.365,0.48143
SIS $D$ desc,10,0.355,0.47851,0.385,0.4866
SIS $D$ desc,11,0.3725,0.48347,0.395,0.48885
SIS $D$ desc,12,0.3975,0.48938,0.4225,0.49396
SIS $D$ desc,13,0.4075,0.49137,0.43,0.49508
SIS $D$ desc,14,0.4125,0.49228,0.4375,0.49608
SIS $D$ desc,15,0.42,0.49356,0.4475,0.49724
SIS $D$ desc,16,0.435,0.49576,0.4725,0.49924
SIS $D$ desc,17,0.4475,0.49724,0.465,0.49877
SIS $D$ desc,18,0.4575,0.49819,0.48,0.4996
SIS $D$ desc,19,0.46,0.4984,0.4825,0.49969
SIS $D$ desc,20,0.475,0.49937,0.4825,0.49969
SIS $D$ desc,21,0.49,0.4999,0.485,0.49977
SIS $D$ desc,22,0.4975,0.49999,0.495,0.49997
SIS $D$ desc,23,0.51,0.4999,0.5125,0.49984
SIS $D$ desc,24,0.5125,0.49984,0.525,0.49937
SIS $D$ desc,25,0.52,0.4996,0.5275,0.49924
SIS $D$ desc,26,0.5175,0.49969,0.535,0.49877
SIS $D$ desc,27,0.535,0.49877,0.53,0.4991
SIS $D$ desc,28,0.535,0.49877,0.5275,0.49924
SIS $D$ desc,29,0.5275,0.49924,0.53,0.4991
SIS $D$ desc,30,0.5325,0.49894,0.54,0.4984
SIS $D$ desc,31,0.5475,0.49774,0.545,0.49797
SIS $D$ desc,32,0.56,0.49639,0.54,0.4984
SIS $D$ desc,33,0.56,0.49639,0.545,0.49797
SIS $D$ desc,34,0.5575,0.49668,0.5475,0.49774
SIS $D$ desc,35,0.56,0.49639,0.5475,0.49774
SIS $D$ desc,36,0.56,0.49639,0.565,0.49576
SIS $D$ desc,37,0.5575,0.49668,0.565,0.49576
SIS $D$ desc,38,0.5625,0.49608,0.5675,0.49542
SIS $D$ desc,39,0.565,0.49576,0.57,0.49508
SIS $D$ desc,40,0.5775,0.49396,0.5675,0.49542
SIS $D$ desc,41,0.575,0.49434,0.5825,0.49315
SIS $D$ desc,42,0.5975,0.4904,0.585,0.49272
SIS $D$ desc,43,0.5925,0.49137,0.5825,0.49315
SIS $D$ desc,44,0.59,0.49183,0.595,0.49089
SIS $D$ desc,45,0.5825,0.49315,0.5925,0.49137
SIS $D$ desc,46,0.595,0.49089,0.6025,0.48938
SIS $D$ desc,47,0.6025,0.48938,0.61,0.48775
SIS $D$ desc,48,0.6,0.4899,0.61,0.48775
SIS $D$ desc,49,0.6,0.4899,0.6225,0.48476
SIS $D$ desc,50,0.6175,0.486,0.6275,0.48347
SIS $D$ desc,51,0.6125,0.48718,0.6375,0.48072
SIS $D$ desc,52,0.6225,0.48476,0.63,0.4828
SIS $D$ desc,53,0.6275,0.48347,0.635,0.48143
SIS $D$ desc,54,0.6375,0.48072,0.62,0.48539
SIS $D$ desc,55,0.6425,0.47926,0.6275,0.48347
SIS $D$ desc,56,0.63,0.4828,0.64,0.48
SIS $D$ desc,57,0.6275,0.48347,0.635,0.48143
SIS $D$ desc,58,0.6175,0.486,0.6325,0.48212
SIS $D$ desc,59,0.6175,0.486,0.635,0.48143
SIS $D$ desc,60,0.615,0.4866,0.645,0.47851
SIS $D$ desc,61,0.6175,0.486,0.6275,0.48347
SIS $D$ desc,62,0.625,0.48412,0.6375,0.48072
SIS $D$ desc,63,0.6275,0.48347,0.645,0.47851
SIS $D$ desc,64,0.63,0.4828,0.6325,0.48212
SIS $D$ desc,65,0.6325,0.48212,0.645,0.47851
SIS $D$ desc,66,0.645,0.47851,0.64,0.48
SIS $D$ desc,67,0.6425,0.47926,0.6375,0.48072
SIS $D$ desc,68,0.65,0.47697,0.635,0.48143
SIS $D$ desc,69,0.65,0.47697,0.6325,0.48212
SIS $D$ desc,70,0.6525,0.47618,0.6325,0.48212
SIS $D$ desc,71,0.66,0.47371,0.635,0.48143
SIS $D$ desc,72,0.665,0.47199,0.635,0.48143
SIS $D$ desc,73,0.6525,0.47618,0.64,0.48
SIS $D$ desc,74,0.65,0.47697,0.645,0.47851
SIS $D$ desc,75,0.66,0.47371,0.64,0.48
SIS $D$ desc,76,0.6625,0.47286,0.6375,0.48072
SIS $D$ desc,77,0.665,0.47199,0.625,0.48412
SIS $D$ desc,78,0.665,0.47199,0.6325,0.48212
SIS $D$ desc,79,0.6675,0.47111,0.64,0.48
SIS $D$ desc,80,0.66,0.47371,0.6575,0.47455
SIS $D$ desc,81,0.67,0.47021,0.66,0.47371
SIS $D$ desc,82,0.67,0.47021,0.66,0.47371
SIS $D$ desc,83,0.6725,0.4693,0.6575,0.47455
SIS $D$ desc,84,0.675,0.46837,0.6675,0.47111
SIS $D$ desc,85,0.67,0.47021,0.665,0.47199
SIS $D$ desc,86,0.675,0.46837,0.665,0.47199
SIS $D$ desc,87,0.685,0.46452,0.665,0.47199
SIS $D$ desc,88,0.6825,0.4655,0.6725,0.4693
SIS $D$ desc,89,0.6875,0.46351,0.675,0.46837
SIS $D$ desc,90,0.695,0.46041,0.6775,0.46743
SIS $D$ desc,91,0.695,0.46041,0.6775,0.46743
SIS $D$ desc,92,0.6975,0.45934,0.685,0.46452
SIS $D$ desc,93,0.705,0.45604,0.6875,0.46351
SIS $D$ desc,94,0.7075,0.45491,0.685,0.46452
SIS $D$ desc,95,0.715,0.45141,0.685,0.46452
SIS $D$ desc,96,0.7125,0.4526,0.69,0.46249
SIS $D$ desc,97,0.715,0.45141,0.6875,0.46351
SIS $D$ desc,98,0.725,0.44651,0.69,0.46249
SIS $D$ desc,99,0.7225,0.44777,0.69,0.46249
SIS $D$ desc,100,0.72,0.449,0.6875,0.46351
SIS $D$ desc,101,0.715,0.45141,0.695,0.46041
SIS $D$ desc,102,0.715,0.45141,0.6875,0.46351
SIS $D$ desc,103,0.715,0.45141,0.7025,0.45716
SIS $D$ desc,104,0.72,0.449,0.7025,0.45716
SIS $D$ desc,105,0.725,0.44651,0.695,0.46041
SIS $D$ desc,106,0.7175,0.45022,0.6925,0.46146
SIS $D$ desc,107,0.7175,0.45022,0.6975,0.45934
SIS $D$ desc,108,0.7175,0.45022,0.7,0.45826
SIS $D$ desc,109,0.725,0.44651,0.69,0.46249
SIS $D$ desc,110,0.71,0.45376,0.6875,0.46351
SIS $D$ desc,111,0.705,0.45604,0.69,0.46249
SIS $D$ desc,112,0.725,0.44651,0.695,0.46041
SIS $D$ desc,113,0.7225,0.44777,0.69,0.46249
SIS $D$ desc,114,0.725,0.44651,0.7025,0.45716
SIS $D$ desc,115,0.725,0.44651,0.6925,0.46146
SIS $D$ desc,116,0.7325,0.44266,0.6975,0.45934
SIS $D$ desc,117,0.745,0.43586,0.6925,0.46146
SIS $D$ desc,118,0.745,0.43586,0.695,0.46041
SIS $D$ desc,119,0.7425,0.43726,0.7,0.45826
SIS $D$ desc,120,0.7375,0.43999,0.7025,0.45716
SIS $D$ desc,121,0.7425,0.43726,0.6975,0.45934
SIS $D$ desc,122,0.74,0.43863,0.6975,0.45934
SIS $D$ desc,123,0.74,0.43863,0.6975,0.45934
SIS $D$ desc,124,0.735,0.44133,0.7,0.45826
SIS $D$ desc,125,0.745,0.43586,0.71,0.45376
SIS $D$ desc,126,0.7475,0.43445,0.71,0.45376
SIS $D$ desc,127,0.74,0.43863,0.7075,0.45491
SIS $D$ desc,128,0.7475,0.43445,0.71,0.45376
SIS $D$ desc,129,0.7475,0.43445,0.71,0.45376
SIS $D$ desc,130,0.75,0.43301,0.715,0.45141
SIS $D$ desc,131,0.75,0.43301,0.7175,0.45022
SIS $D$ desc,132,0.755,0.43009,0.7225,0.44777
SIS $D$ desc,133,0.75,0.43301,0.7275,0.44525
SIS $D$ desc,134,0.7525,0.43156,0.7225,0.44777
SIS $D$ desc,135,0.75,0.43301,0.7175,0.45022
SIS $D$ desc,136,0.7575,0.4286,0.725,0.44651
SIS $D$ desc,137,0.75,0.43301,0.7325,0.44266
SIS $D$ desc,138,0.745,0.43586,0.725,0.44651
SIS $D$ desc,139,0.7425,0.43726,0.72,0.449
SIS $D$ desc,140,0.74,0.43863,0.72,0.449
SIS $D$ desc,141,0.745,0.43586,0.7275,0.44525
SIS $D$ desc,142,0.7575,0.4286,0.7375,0.43999
SIS $D$ desc,143,0.76,0.42708,0.74,0.43863
SIS $D$ desc,144,0.76,0.42708,0.74,0.43863
SIS $D$ desc,145,0.755,0.43009,0.74,0.43863
SIS $D$ desc,146,0.755,0.43009,0.7375,0.43999
SIS $D$ desc,147,0.7525,0.43156,0.745,0.43586
SIS $D$ desc,148,0.75,0.43301,0.7375,0.43999
SIS $D$ desc,149,0.7525,0.43156,0.7325,0.44266
SIS $D$ desc,150,0.7525,0.43156,0.735,0.44133
SIS $D$ desc,151,0.755,0.43009,0.735,0.44133
SIS $D$ desc,152,0.755,0.43009,0.735,0.44133
SIS $D$ desc,153,0.7575,0.4286,0.74,0.43863
SIS $D$ desc,154,0.755,0.43009,0.7325,0.44266
SIS $D$ desc,155,0.7575,0.4286,0.73,0.44396
SIS $D$ desc,156,0.7525,0.43156,0.7325,0.44266
SIS $D$ desc,157,0.7525,0.43156,0.7325,0.44266
SIS $D$ desc,158,0.76,0.42708,0.7375,0.43999
SIS $D$ desc,159,0.7625,0.42555,0.7325,0.44266
SIS $D$ desc,160,0.76,0.42708,0.7325,0.44266
SIS $D$ desc,161,0.76,0.42708,0.725,0.44651
SIS $D$ desc,162,0.76,0.42708,0.7225,0.44777
SIS $D$ desc,163,0.7625,0.42555,0.7225,0.44777
SIS $D$ desc,164,0.7625,0.42555,0.7225,0.44777
SIS $D$ desc,165,0.77,0.42083,0.7275,0.44525
SIS $D$ desc,166,0.775,0.41758,0.725,0.44651
SIS $D$ desc,167,0.775,0.41758,0.7275,0.44525
SIS $D$ desc,168,0.7775,0.41593,0.7325,0.44266
SIS $D$ desc,169,0.77,0.42083,0.7325,0.44266
SIS $D$ desc,170,0.7675,0.42243,0.73,0.44396
SIS $D$ desc,171,0.77,0.42083,0.7275,0.44525
SIS $D$ desc,172,0.775,0.41758,0.74,0.43863
SIS $D$ desc,173,0.78,0.41425,0.745,0.43586
SIS $D$ desc,174,0.7775,0.41593,0.7425,0.43726
SIS $D$ desc,175,0.775,0.41758,0.745,0.43586
SIS $D$ desc,176,0.7775,0.41593,0.7425,0.43726
SIS $D$ desc,177,0.7825,0.41255,0.75,0.43301
SIS $D$ desc,178,0.7775,0.41593,0.75,0.43301
SIS $D$ desc,179,0.7775,0.41593,0.7575,0.4286
SIS $D$ desc,180,0.7725,0.41922,0.76,0.42708
SIS $D$ desc,181,0.785,0.41082,0.76,0.42708
SIS $D$ desc,182,0.785,0.41082,0.7625,0.42555
SIS $D$ desc,183,0.78,0.41425,0.76,0.42708
SIS $D$ desc,184,0.7775,0.41593,0.7525,0.43156
SIS $D$ desc,185,0.7675,0.42243,0.7525,0.43156
SIS $D$ desc,186,0.78,0.41425,0.755,0.43009
SIS $D$ desc,187,0.7725,0.41922,0.76,0.42708
SIS $D$ desc,188,0.78,0.41425,0.76,0.42708
SIS $D$ desc,189,0.7725,0.41922,0.765,0.424
SIS $D$ desc,190,0.78,0.41425,0.7725,0.41922
SIS $D$ desc,191,0.79,0.40731,0.77,0.42083
SIS $D$ desc,192,0.79,0.40731,0.7625,0.42555
SIS $D$ desc,193,0.79,0.40731,0.775,0.41758
SIS $D$ desc,194,0.7875,0.40908,0.775,0.41758
SIS $D$ desc,195,0.7925,0.40552,0.7775,0.41593
SIS $D$ desc,196,0.7875,0.40908,0.7825,0.41255
SIS $D$ desc,197,0.795,0.4037,0.7725,0.41922
SIS $D$ desc,198,0.795,0.4037,0.7725,0.41922
SIS $D$ desc,199,0.79,0.40731,0.7675,0.42243
SIS $D$ desc,200,0.795,0.4037,0.7625,0.42555
GR $D$ desc,2,0.0675,0.25089,0.0925,0.28973
GR $D$ desc,3,0.0475,0.21271,0.055,0.22798
GR $D$ desc,4,0.07,0.25515,0.0725,0.25931
GR $D$ desc,5,0.075,0.26339,0.0675,0.25089
GR $D$ desc,6,0.09,0.28618,0.0775,0.26738
GR $D$ desc,7,0.0875,0.28257,0.085,0.27888
GR $D$ desc,8,0.1025,0.3033,0.0975,0.29664
GR $D$ desc,9,0.105,0.30655,0.09,0.28618
GR $D$ desc,10,0.1075,0.30975,0.0875,0.28257
GR $D$ desc,11,0.095,0.29321,0.0925,0.28973
GR $D$ desc,12,0.0975,0.29664,0.095,0.29321
GR $D$ desc,13,0.1125,0.31598,0.105,0.30655
GR $D$ desc,14,0.105,0.30655,0.0975,0.29664
GR $D$ desc,15,0.095,0.29321,0.085,0.27888
GR $D$ desc,16,0.11,0.31289,0.0975,0.29664
GR $D$ desc,17,0.1175,0.32202,0.09,0.28618
GR $D$ desc,18,0.115,0.31902,0.0975,0.29664
GR $D$ desc,19,0.1175,0.32202,0.105,0.30655
GR $D$ desc,20,0.12,0.32496,0.1025,0.3033
GR $D$ desc,21,0.14,0.34699,0.115,0.31902
GR $D$ desc,22,0.14,0.34699,0.1125,0.31598
GR $D$ desc,23,0.1375,0.34437,0.115,0.31902
GR $D$ desc,24,0.155,0.3619,0.1375,0.34437
GR $D$ desc,25,0.1525,0.3595,0.13,0.3363
GR $D$ desc,26,0.15,0.35707,0.1225,0.32786
GR $D$ desc,27,0.1375,0.34437,0.1225,0.32786
GR $D$ desc,28,0.145,0.3521,0.1225,0.32786
GR $D$ desc,29,0.145,0.3521,0.1325,0.33903
GR $D$ desc,30,0.15,0.35707,0.13,0.3363
GR $D$ desc,31,0.1475,0.3546,0.1325,0.33903
GR $D$ desc,32,0.1475,0.3546,0.1325,0.33903
GR $D$ desc,33,0.1375,0.34437,0.13,0.3363
GR $D$ desc,34,0.1425,0.34956,0.13,0.3363
GR $D$ desc,35,0.135,0.34172,0.1275,0.33353
GR $D$ desc,36,0.1425,0.34956,0.13,0.3363
GR $D$ desc,37,0.1425,0.34956,0.1375,0.34437
GR $D$ desc,38,0.1425,0.34956,0.13,0.3363
GR $D$ desc,39,0.14,0.34699,0.13,0.3363
GR $D$ desc,40,0.14,0.34699,0.135,0.34172
GR $D$ desc,41,0.1475,0.3546,0.14,0.34699
GR $D$ desc,42,0.1475,0.3546,0.1475,0.3546
GR $D$ desc,43,0.1525,0.3595,0.1475,0.3546
GR $D$ desc,44,0.15,0.35707,0.1425,0.34956
GR $D$ desc,45,0.1475,0.3546,0.1475,0.3546
GR $D$ desc,46,0.1425,0.34956,0.145,0.3521
GR $D$ desc,47,0.15,0.35707,0.1425,0.34956
GR $D$ desc,48,0.1475,0.3546,0.15,0.35707
GR $D$ desc,49,0.145,0.3521,0.145,0.3521
GR $D$ desc,50,0.1525,0.3595,0.1475,0.3546
GR $D$ desc,51,0.1525,0.3595,0.155,0.3619
GR $D$ desc,52,0.155,0.3619,0.1475,0.3546
GR $D$ desc,53,0.16,0.36661,0.15,0.35707
GR $D$ desc,54,0.1575,0.36427,0.1475,0.3546
GR $D$ desc,55,0.1575,0.36427,0.1475,0.3546
GR $D$ desc,56,0.165,0.37118,0.145,0.3521
GR $D$ desc,57,0.1675,0.37342,0.1425,0.34956
GR $D$ desc,58,0.1675,0.37342,0.145,0.3521
GR $D$ desc,59,0.1625,0.36891,0.145,0.3521
GR $D$ desc,60,0.165,0.37118,0.1525,0.3595
GR $D$ desc,61,0.1525,0.3595,0.1425,0.34956
GR $D$ desc,62,0.155,0.3619,0.14,0.34699
GR $D$ desc,63,0.16,0.36661,0.145,0.3521
GR $D$ desc,64,0.165,0.37118,0.15,0.35707
GR $D$ desc,65,0.17,0.37563,0.155,0.3619
GR $D$ desc,66,0.1675,0.37342,0.1525,0.3595
GR $D$ desc,67,0.17,0.37563,0.15,0.35707
GR $D$ desc,68,0.1675,0.37342,0.1475,0.3546
GR $D$ desc,69,0.1725,0.37781,0.16,0.36661
GR $D$ desc,70,0.17,0.37563,0.1575,0.36427
GR $D$ desc,71,0.17,0.37563,0.1575,0.36427
GR $D$ desc,72,0.17,0.37563,0.1575,0.36427
GR $D$ desc,73,0.1625,0.36891,0.15,0.35707
GR $D$ desc,74,0.1625,0.36891,0.155,0.3619
GR $D$ desc,75,0.17,0.37563,0.16,0.36661
GR $D$ desc,76,0.1625,0.36891,0.1575,0.36427
GR $D$ desc,77,0.16,0.36661,0.15,0.35707
GR $D$ desc,78,0.16,0.36661,0.1525,0.3595
GR $D$ desc,79,0.1575,0.36427,0.155,0.3619
GR $D$ desc,80,0.155,0.3619,0.1525,0.3595
GR $D$ desc,81,0.16,0.36661,0.16,0.36661
GR $D$ desc,82,0.1625,0.36891,0.155,0.3619
GR $D$ desc,83,0.1575,0.36427,0.1525,0.3595
GR $D$ desc,84,0.155,0.3619,0.1525,0.3595
GR $D$ desc,85,0.165,0.37118,0.1575,0.36427
GR $D$ desc,86,0.165,0.37118,0.1525,0.3595
GR $D$ desc,87,0.165,0.37118,0.155,0.3619
GR $D$ desc,88,0.165,0.37118,0.16,0.36661
GR $D$ desc,89,0.1675,0.37342,0.16,0.36661
GR $D$ desc,90,0.1675,0.37342,0.1575,0.36427
GR $D$ desc,91,0.1725,0.37781,0.1575,0.36427
GR $D$ desc,92,0.1725,0.37781,0.165,0.37118
GR $D$ desc,93,0.17,0.37563,0.16,0.36661
GR $D$ desc,94,0.1725,0.37781,0.1575,0.36427
GR $D$ desc,95,0.1675,0.37342,0.165,0.37118
GR $D$ desc,96,0.165,0.37118,0.165,0.37118
GR $D$ desc,97,0.1625,0.36891,0.1625,0.36891
GR $D$ desc,98,0.1725,0.37781,0.1625,0.36891
GR $D$ desc,99,0.1775,0.38209,0.1675,0.37342
GR $D$ desc,100,0.175,0.37997,0.1625,0.36891
GR $D$ desc,101,0.1725,0.37781,0.165,0.37118
GR $D$ desc,102,0.175,0.37997,0.1725,0.37781
GR $D$ desc,103,0.1725,0.37781,0.17,0.37563
GR $D$ desc,104,0.1675,0.37342,0.17,0.37563
GR $D$ desc,105,0.1675,0.37342,0.1725,0.37781
GR $D$ desc,106,0.1675,0.37342,0.1675,0.37342
GR $D$ desc,107,0.17,0.37563,0.1725,0.37781
GR $D$ desc,108,0.1725,0.37781,0.175,0.37997
GR $D$ desc,109,0.175,0.37997,0.1725,0.37781
GR $D$ desc,110,0.1725,0.37781,0.175,0.37997
GR $D$ desc,111,0.17,0.37563,0.175,0.37997
GR $D$ desc,112,0.17,0.37563,0.17,0.37563
GR $D$ desc,113,0.1725,0.37781,0.1725,0.37781
GR $D$ desc,114,0.1725,0.37781,0.175,0.37997
GR $D$ desc,115,0.175,0.37997,0.1775,0.38209
GR $D$ desc,116,0.175,0.37997,0.1775,0.38209
GR $D$ desc,117,0.1775,0.38209,0.175,0.37997
GR $D$ desc,118,0.1775,0.38209,0.175,0.37997
GR $D$ desc,119,0.18,0.38419,0.18,0.38419
GR $D$ desc,120,0.18,0.38419,0.18,0.38419
GR $D$ desc,121,0.18,0.38419,0.18,0.38419
GR $D$ desc,122,0.1775,0.38209,0.18,0.38419
GR $D$ desc,123,0.175,0.37997,0.18,0.38419
GR $D$ desc,124,0.1825,0.38626,0.1825,0.38626
GR $D$ desc,125,0.175,0.37997,0.175,0.37997
GR $D$ desc,126,0.165,0.37118,0.1725,0.37781
GR $D$ desc,127,0.1775,0.38209,0.1775,0.38209
GR $D$ desc,128,0.1775,0.38209,0.1775,0.38209
GR $D$ desc,129,0.18,0.38419,0.1775,0.38209
GR $D$ desc,130,0.1775,0.38209,0.1775,0.38209
GR $D$ desc,131,0.175,0.37997,0.1775,0.38209
GR $D$ desc,132,0.1725,0.37781,0.1725,0.37781
GR $D$ desc,133,0.1775,0.38209,0.1775,0.38209
GR $D$ desc,134,0.175,0.37997,0.1775,0.38209
GR $D$ desc,135,0.18,0.38419,0.1825,0.38626
GR $D$ desc,136,0.1875,0.39031,0.1825,0.38626
GR $D$ desc,137,0.1775,0.38209,0.18,0.38419
GR $D$ desc,138,0.1725,0.37781,0.18,0.38419
GR $D$ desc,139,0.18,0.38419,0.18,0.38419
GR $D$ desc,140,0.1825,0.38626,0.18,0.38419
GR $D$ desc,141,0.185,0.3883,0.18,0.38419
GR $D$ desc,142,0.1875,0.39031,0.185,0.3883
GR $D$ desc,143,0.185,0.3883,0.185,0.3883
GR $D$ desc,144,0.185,0.3883,0.185,0.3883
GR $D$ desc,145,0.1825,0.38626,0.1825,0.38626
GR $D$ desc,146,0.1825,0.38626,0.185,0.3883
GR $D$ desc,147,0.1875,0.39031,0.18,0.38419
GR $D$ desc,148,0.185,0.3883,0.18,0.38419
GR $D$ desc,149,0.185,0.3883,0.1825,0.38626
GR $D$ desc,150,0.1825,0.38626,0.185,0.3883
GR $D$ desc,151,0.1825,0.38626,0.1825,0.38626
GR $D$ desc,152,0.1875,0.39031,0.1825,0.38626
GR $D$ desc,153,0.1825,0.38626,0.18,0.38419
GR $D$ desc,154,0.18,0.38419,0.1775,0.38209
GR $D$ desc,155,0.18,0.38419,0.1825,0.38626
GR $D$ desc,156,0.18,0.38419,0.1775,0.38209
GR $D$ desc,157,0.18,0.38419,0.1825,0.38626
GR $D$ desc,158,0.175,0.37997,0.1775,0.38209
GR $D$ desc,159,0.18,0.38419,0.185,0.3883
GR $D$ desc,160,0.1825,0.38626,0.1775,0.38209
GR $D$ desc,161,0.1825,0.38626,0.18,0.38419
GR $D$ desc,162,0.185,0.3883,0.18,0.38419
GR $D$ desc,163,0.1875,0.39031,0.1825,0.38626
GR $D$ desc,164,0.185,0.3883,0.1775,0.38209
GR $D$ desc,165,0.18,0.38419,0.1775,0.38209
GR $D$ desc,166,0.18,0.38419,0.18,0.38419
GR $D$ desc,167,0.18,0.38419,0.1775,0.38209
GR $D$ desc,168,0.1825,0.38626,0.18,0.38419
GR $D$ desc,169,0.18,0.38419,0.1775,0.38209
GR $D$ desc,170,0.18,0.38419,0.18,0.38419
GR $D$ desc,171,0.1825,0.38626,0.185,0.3883
GR $D$ desc,172,0.185,0.3883,0.1825,0.38626
GR $D$ desc,173,0.1875,0.39031,0.1825,0.38626
GR $D$ desc,174,0.185,0.3883,0.1875,0.39031
GR $D$ desc,175,0.185,0.3883,0.1825,0.38626
GR $D$ desc,176,0.185,0.3883,0.18,0.38419
GR $D$ desc,177,0.185,0.3883,0.185,0.3883
GR $D$ desc,178,0.185,0.3883,0.1875,0.39031
GR $D$ desc,179,0.19,0.3923,0.1925,0.39426
GR $D$ desc,180,0.19,0.3923,0.195,0.3962
GR $D$ desc,181,0.185,0.3883,0.2,0.4
GR $D$ desc,182,0.1825,0.38626,0.1975,0.39811
GR $D$ desc,183,0.185,0.3883,0.2,0.4
GR $D$ desc,184,0.1825,0.38626,0.1975,0.39811
GR $D$ desc,185,0.1825,0.38626,0.2,0.4
GR $D$ desc,186,0.185,0.3883,0.2075,0.40552
GR $D$ desc,187,0.185,0.3883,0.2025,0.40186
GR $D$ desc,188,0.1875,0.39031,0.205,0.4037
GR $D$ desc,189,0.1875,0.39031,0.205,0.4037
GR $D$ desc,190,0.19,0.3923,0.2,0.4
GR $D$ desc,191,0.1825,0.38626,0.2,0.4
GR $D$ desc,192,0.185,0.3883,0.1975,0.39811
GR $D$ desc,193,0.19,0.3923,0.1975,0.39811
GR $D$ desc,194,0.1925,0.39426,0.2,0.4
GR $D$ desc,195,0.1875,0.39031,0.2025,0.40186
GR $D$ desc,196,0.195,0.3962,0.2025,0.40186
GR $D$ desc,197,0.195,0.3962,0.205,0.4037
GR $D$ desc,198,0.1925,0.39426,0.2025,0.40186
GR $D$ desc,199,0.19,0.3923,0.2025,0.40186
GR $D$ desc,200,0.19,0.3923,0.2025,0.40186
GR $u$ desc,2,0.0125,0.1111,0.0325,0.17732
GR $u$ desc,3,0.0125,0.1111,0.0425,0.20173
GR $u$ desc,4,0.0125,0.1111,0.0325,0.17732
GR $u$ desc,5,0.02,0.14,0.03,0.17059
GR $u$ desc,6,0.0125,0.1111,0.03,0.17059
GR $u$ desc,7,0.0125,0.1111,0.035,0.18378
GR $u$ desc,8,0.015,0.12155,0.025,0.15612
GR $u$ desc,9,0.0125,0.1111,0.03,0.17059
GR $u$ desc,10,0.0175,0.13112,0.025,0.15612
GR $u$ desc,11,0.02,0.14,0.025,0.15612
GR $u$ desc,12,0.025,0.15612,0.035,0.18378
GR $u$ desc,13,0.0275,0.16354,0.035,0.18378
GR $u$ desc,14,0.0275,0.16354,0.035,0.18378
GR $u$ desc,15,0.035,0.18378,0.04,0.19596
GR $u$ desc,16,0.04,0.19596,0.0425,0.20173
GR $u$ desc,17,0.035,0.18378,0.04,0.19596
GR $u$ desc,18,0.04,0.19596,0.0325,0.17732
GR $u$ desc,19,0.0375,0.18998,0.0475,0.21271
GR $u$ desc,20,0.0375,0.18998,0.045,0.2073
GR $u$ desc,21,0.04,0.19596,0.0475,0.21271
GR $u$ desc,22,0.035,0.18378,0.04,0.19596
GR $u$ desc,23,0.035,0.18378,0.035,0.18378
GR $u$ desc,24,0.035,0.18378,0.04,0.19596
GR $u$ desc,25,0.0325,0.17732,0.045,0.2073
GR $u$ desc,26,0.03,0.17059,0.04,0.19596
GR $u$ desc,27,0.035,0.18378,0.0425,0.20173
GR $u$ desc,28,0.0375,0.18998,0.045,0.2073
GR $u$ desc,29,0.0375,0.18998,0.05,0.21794
GR $u$ desc,30,0.04,0.19596,0.04,0.19596
GR $u$ desc,31,0.04,0.19596,0.045,0.2073
GR $u$ desc,32,0.0425,0.20173,0.045,0.2073
GR $u$ desc,33,0.04,0.19596,0.05,0.21794
GR $u$ desc,34,0.0425,0.20173,0.0425,0.20173
GR $u$ desc,35,0.035,0.18378,0.0425,0.20173
GR $u$ desc,36,0.04,0.19596,0.045,0.2073
GR $u$ desc,37,0.0375,0.18998,0.045,0.2073
GR $u$ desc,38,0.04,0.19596,0.0425,0.20173
GR $u$ desc,39,0.0375,0.18998,0.0425,0.20173
GR $u$ desc,40,0.0375,0.18998,0.04,0.19596
GR $u$ desc,41,0.0425,0.20173,0.04,0.19596
GR $u$ desc,42,0.0425,0.20173,0.04,0.19596
GR $u$ desc,43,0.045,0.2073,0.04,0.19596
GR $u$ desc,44,0.0375,0.18998,0.0475,0.21271
GR $u$ desc,45,0.0425,0.20173,0.05,0.21794
GR $u$ desc,46,0.0375,0.18998,0.0425,0.20173
GR $u$ desc,47,0.0425,0.20173,0.0475,0.21271
GR $u$ desc,48,0.04,0.19596,0.05,0.21794
GR $u$ desc,49,0.04,0.19596,0.045,0.2073
GR $u$ desc,50,0.0375,0.18998,0.045,0.2073
GR $u$ desc,51,0.035,0.18378,0.05,0.21794
GR $u$ desc,52,0.04,0.19596,0.0475,0.21271
GR $u$ desc,53,0.04,0.19596,0.0525,0.22303
GR $u$ desc,54,0.0375,0.18998,0.0475,0.21271
GR $u$ desc,55,0.0425,0.20173,0.045,0.2073
GR $u$ desc,56,0.0425,0.20173,0.0525,0.22303
GR $u$ desc,57,0.0425,0.20173,0.05,0.21794
GR $u$ desc,58,0.045,0.2073,0.05,0.21794
GR $u$ desc,59,0.045,0.2073,0.05,0.21794
GR $u$ desc,60,0.0475,0.21271,0.0475,0.21271
GR $u$ desc,61,0.045,0.2073,0.045,0.2073
GR $u$ desc,62,0.045,0.2073,0.05,0.21794
GR $u$ desc,63,0.0475,0.21271,0.0525,0.22303
GR $u$ desc,64,0.05,0.21794,0.05,0.21794
GR $u$ desc,65,0.0475,0.21271,0.0525,0.22303
GR $u$ desc,66,0.045,0.2073,0.055,0.22798
GR $u$ desc,67,0.045,0.2073,0.05,0.21794
GR $u$ desc,68,0.05,0.21794,0.05,0.21794
GR $u$ desc,69,0.0425,0.20173,0.05,0.21794
GR $u$ desc,70,0.05,0.21794,0.05,0.21794
GR $u$ desc,71,0.055,0.22798,0.0525,0.22303
GR $u$ desc,72,0.0575,0.2328,0.0525,0.22303
GR $u$ desc,73,0.0525,0.22303,0.055,0.22798
GR $u$ desc,74,0.05,0.21794,0.055,0.22798
GR $u$ desc,75,0.055,0.22798,0.055,0.22798
GR $u$ desc,76,0.055,0.22798,0.055,0.22798
GR $u$ desc,77,0.0575,0.2328,0.0525,0.22303
GR $u$ desc,78,0.055,0.22798,0.05,0.21794
GR $u$ desc,79,0.0575,0.2328,0.05,0.21794
GR $u$ desc,80,0.06,0.23749,0.0525,0.22303
GR $u$ desc,81,0.06,0.23749,0.05,0.21794
GR $u$ desc,82,0.0625,0.24206,0.05,0.21794
GR $u$ desc,83,0.0625,0.24206,0.0475,0.21271
GR $u$ desc,84,0.06,0.23749,0.0475,0.21271
GR $u$ desc,85,0.06,0.23749,0.05,0.21794
GR $u$ desc,86,0.0625,0.24206,0.0475,0.21271
GR $u$ desc,87,0.07,0.25515,0.0475,0.21271
GR $u$ desc,88,0.065,0.24653,0.0525,0.22303
GR $u$ desc,89,0.06,0.23749,0.0525,0.22303
GR $u$ desc,90,0.0575,0.2328,0.045,0.2073
GR $u$ desc,91,0.0575,0.2328,0.0525,0.22303
GR $u$ desc,92,0.0575,0.2328,0.055,0.22798
GR $u$ desc,93,0.06,0.23749,0.055,0.22798
GR $u$ desc,94,0.065,0.24653,0.0525,0.22303
GR $u$ desc,95,0.065,0.24653,0.0525,0.22303
GR $u$ desc,96,0.065,0.24653,0.06,0.23749
GR $u$ desc,97,0.0675,0.25089,0.055,0.22798
GR $u$ desc,98,0.07,0.25515,0.0575,0.2328
GR $u$ desc,99,0.0625,0.24206,0.0575,0.2328
GR $u$ desc,100,0.065,0.24653,0.0575,0.2328
GR $u$ desc,101,0.065,0.24653,0.0575,0.2328
GR $u$ desc,102,0.0625,0.24206,0.0575,0.2328
GR $u$ desc,103,0.06,0.23749,0.055,0.22798
GR $u$ desc,104,0.0625,0.24206,0.0575,0.2328
GR $u$ desc,105,0.065,0.24653,0.0525,0.22303
GR $u$ desc,106,0.0625,0.24206,0.05,0.21794
GR $u$ desc,107,0.0675,0.25089,0.0525,0.22303
GR $u$ desc,108,0.065,0.24653,0.05,0.21794
GR $u$ desc,109,0.075,0.26339,0.045,0.2073
GR $u$ desc,110,0.07,0.25515,0.0475,0.21271
GR $u$ desc,111,0.075,0.26339,0.045,0.2073
GR $u$ desc,112,0.0675,0.25089,0.0475,0.21271
GR $u$ desc,113,0.065,0.24653,0.0475,0.21271
GR $u$ desc,114,0.0675,0.25089,0.0475,0.21271
GR $u$ desc,115,0.065,0.24653,0.045,0.2073
GR $u$ desc,116,0.06,0.23749,0.045,0.2073
GR $u$ desc,117,0.065,0.24653,0.045,0.2073
GR $u$ desc,118,0.0675,0.25089,0.0475,0.21271
GR $u$ desc,119,0.0675,0.25089,0.0525,0.22303
GR $u$ desc,120,0.0675,0.25089,0.05,0.21794
GR $u$ desc,121,0.0725,0.25931,0.05,0.21794
GR $u$ desc,122,0.0725,0.25931,0.0525,0.22303
GR $u$ desc,123,0.0625,0.24206,0.05,0.21794
GR $u$ desc,124,0.0675,0.25089,0.05,0.21794
GR $u$ desc,125,0.07,0.25515,0.05,0.21794
GR $u$ desc,126,0.065,0.24653,0.05,0.21794
GR $u$ desc,127,0.055,0.22798,0.0525,0.22303
GR $u$ desc,128,0.06,0.23749,0.0525,0.22303
GR $u$ desc,129,0.065,0.24653,0.06,0.23749
GR $u$ desc,130,0.0625,0.24206,0.0625,0.24206
GR $u$ desc,131,0.06,0.23749,0.065,0.24653
GR $u$ desc,132,0.0675,0.25089,0.065,0.24653
GR $u$ desc,133,0.0675,0.25089,0.065,0.24653
GR $u$ desc,134,0.07,0.25515,0.065,0.24653
GR $u$ desc,135,0.07,0.25515,0.0625,0.24206
GR $u$ desc,136,0.065,0.24653,0.06,0.23749
GR $u$ desc,137,0.0675,0.25089,0.0625,0.24206
GR $u$ desc,138,0.065,0.24653,0.06,0.23749
GR $u$ desc,139,0.07,0.25515,0.06,0.23749
GR $u$ desc,140,0.0675,0.25089,0.06,0.23749
GR $u$ desc,141,0.0725,0.25931,0.06,0.23749
GR $u$ desc,142,0.0725,0.25931,0.06,0.23749
GR $u$ desc,143,0.07,0.25515,0.06,0.23749
GR $u$ desc,144,0.0675,0.25089,0.06,0.23749
GR $u$ desc,145,0.0675,0.25089,0.0625,0.24206
GR $u$ desc,146,0.0675,0.25089,0.0625,0.24206
GR $u$ desc,147,0.0675,0.25089,0.0625,0.24206
GR $u$ desc,148,0.0725,0.25931,0.0575,0.2328
GR $u$ desc,149,0.0675,0.25089,0.0575,0.2328
GR $u$ desc,150,0.065,0.24653,0.055,0.22798
GR $u$ desc,151,0.065,0.24653,0.0575,0.2328
GR $u$ desc,152,0.065,0.24653,0.06,0.23749
GR $u$ desc,153,0.065,0.24653,0.0575,0.2328
GR $u$ desc,154,0.065,0.24653,0.06,0.23749
GR $u$ desc,155,0.0625,0.24206,0.06,0.23749
GR $u$ desc,156,0.0675,0.25089,0.065,0.24653
GR $u$ desc,157,0.0675,0.25089,0.065,0.24653
GR $u$ desc,158,0.07,0.25515,0.0625,0.24206
GR $u$ desc,159,0.0675,0.25089,0.06,0.23749
GR $u$ desc,160,0.0675,0.25089,0.06,0.23749
GR $u$ desc,161,0.0675,0.25089,0.0625,0.24206
GR $u$ desc,162,0.0675,0.25089,0.0625,0.24206
GR $u$ desc,163,0.0675,0.25089,0.0675,0.25089
GR $u$ desc,164,0.07,0.25515,0.07,0.25515
GR $u$ desc,165,0.07,0.25515,0.07,0.25515
GR $u$ desc,166,0.0675,0.25089,0.0675,0.25089
GR $u$ desc,167,0.07,0.25515,0.0675,0.25089
GR $u$ desc,168,0.07,0.25515,0.065,0.24653
GR $u$ desc,169,0.0725,0.25931,0.065,0.24653
GR $u$ desc,170,0.075,0.26339,0.0675,0.25089
GR $u$ desc,171,0.075,0.26339,0.0625,0.24206
GR $u$ desc,172,0.0725,0.25931,0.065,0.24653
GR $u$ desc,173,0.07,0.25515,0.0625,0.24206
GR $u$ desc,174,0.065,0.24653,0.0675,0.25089
GR $u$ desc,175,0.0675,0.25089,0.07,0.25515
GR $u$ desc,176,0.0725,0.25931,0.07,0.25515
GR $u$ desc,177,0.0725,0.25931,0.065,0.24653
GR $u$ desc,178,0.075,0.26339,0.07,0.25515
GR $u$ desc,179,0.08,0.27129,0.07,0.25515
GR $u$ desc,180,0.0775,0.26738,0.0725,0.25931
GR $u$ desc,181,0.08,0.27129,0.0775,0.26738
GR $u$ desc,182,0.0775,0.26738,0.0775,0.26738
GR $u$ desc,183,0.0775,0.26738,0.075,0.26339
GR $u$ desc,184,0.0775,0.26738,0.075,0.26339
GR $u$ desc,185,0.0775,0.26738,0.0775,0.26738
GR $u$ desc,186,0.0825,0.27512,0.0725,0.25931
GR $u$ desc,187,0.0825,0.27512,0.0725,0.25931
GR $u$ desc,188,0.0825,0.27512,0.0775,0.26738
GR $u$ desc,189,0.085,0.27888,0.075,0.26339
GR $u$ desc,190,0.0825,0.27512,0.0725,0.25931
GR $u$ desc,191,0.0825,0.27512,0.075,0.26339
GR $u$ desc,192,0.0825,0.27512,0.075,0.26339
GR $u$ desc,193,0.0825,0.27512,0.0775,0.26738
GR $u$ desc,194,0.085,0.27888,0.0725,0.25931
GR $u$ desc,195,0.085,0.27888,0.0725,0.25931
GR $u$ desc,196,0.09,0.28618,0.0675,0.25089
GR $u$ desc,197,0.09,0.28618,0.0625,0.24206
GR $u$ desc,198,0.085,0.27888,0.0625,0.24206
GR $u$ desc,199,0.0875,0.28257,0.0625,0.24206
GR $u$ desc,200,0.09,0.28618,0.0625,0.24206
