cond,Lprime,mean,std
DW $D$ asc,2,0.01805,0.08436
DW $D$ asc,3,0.0284,0.09582
DW $D$ asc,4,0.0386,0.10377
DW $D$ asc,5,0.0503,0.1098
DW $D$ asc,6,0.0549,0.1112
DW $D$ asc,7,0.05955,0.11561
DW $D$ asc,8,0.06404,0.11671
DW $D$ asc,9,0.06849,0.12101
DW $D$ asc,10,0.07142,0.12522
DW $D$ asc,11,0.07475,0.1286
DW $D$ asc,12,0.07851,0.13029
DW $D$ asc,13,0.08213,0.1321
DW $D$ asc,14,0.08345,0.13587
DW $D$ asc,15,0.08562,0.13938
DW $D$ asc,16,0.08943,0.14097
DW $D$ asc,17,0.09201,0.14269
DW $D$ asc,18,0.09484,0.1446
DW $D$ asc,19,0.09784,0.14723
DW $D$ asc,20,0.09894,0.1489
DW $D$ asc,21,0.10227,0.152
DW $D$ asc,22,0.10471,0.15483
DW $D$ asc,23,0.10877,0.15639
DW $D$ asc,24,0.11198,0.1581
DW $D$ asc,25,0.11423,0.15885
DW $D$ asc,26,0.11718,0.16045
DW $D$ asc,27,0.11734,0.16274
DW $D$ asc,28,0.11952,0.16451
DW $D$ asc,29,0.12086,0.16682
DW $D$ asc,30,0.1207,0.16697
DW $D$ asc,31,0.12422,0.16828
DW $D$ asc,32,0.12392,0.17047
DW $D$ asc,33,0.1249,0.17036
DW $D$ asc,34,0.12666,0.17146
DW $D$ asc,35,0.12793,0.17246
DW $D$ asc,36,0.12965,0.17266
DW $D$ asc,37,0.13068,0.17416
DW $D$ asc,38,0.13157,0.1745
DW $D$ asc,39,0.13352,0.17641
DW $D$ asc,40,0.135,0.17759
DW $D$ asc,41,0.13573,0.18007
DW $D$ asc,42,0.13655,0.18172
DW $D$ asc,43,0.13879,0.18266
DW $D$ asc,44,0.13932,0.18464
DW $D$ asc,45,0.14165,0.18438
DW $D$ asc,46,0.14436,0.18557
DW $D$ asc,47,0.1444,0.18611
DW $D$ asc,48,0.14644,0.18646
DW $D$ asc,49,0.14853,0.18721
DW $D$ asc,50,0.14967,0.18851
DW $D$ asc,51,0.15096,0.18957
DW $D$ asc,52,0.15164,0.19111
DW $D$ asc,53,0.15206,0.19045
DW $D$ asc,54,0.15314,0.19131
DW $D$ asc,55,0.15513,0.19174
DW $D$ asc,56,0.15653,0.19248
DW $D$ asc,57,0.1568,0.19323
DW $D$ asc,58,0.15732,0.19383
DW $D$ asc,59,0.15954,0.19426
DW $D$ asc,60,0.16103,0.19434
DW $D$ asc,61,0.16197,0.19468
DW $D$ asc,62,0.16284,0.19475
DW $D$ asc,63,0.16438,0.19526
DW $D$ asc,64,0.16501,0.19597
DW $D$ asc,65,0.16563,0.19659
DW $D$ asc,66,0.16578,0.19742
DW $D$ asc,67,0.16782,0.19802
DW $D$ asc,68,0.16851,0.19857
DW $D$ asc,69,0.16958,0.19923
DW $D$ asc,70,0.16921,0.20011
DW $D$ asc,71,0.17051,0.20053
DW $D$ asc,72,0.17242,0.2006
DW $D$ asc,73,0.17345,0.20136
DW $D$ asc,74,0.17475,0.20236
DW $D$ asc,75,0.17601,0.20292
DW $D$ asc,76,0.17685,0.20367
DW $D$ asc,77,0.17745,0.20418
DW $D$ asc,78,0.17801,0.20419
DW $D$ asc,79,0.17829,0.20479
DW $D$ asc,80,0.17872,0.20563
DW $D$ asc,81,0.17874,0.20673
DW $D$ asc,82,0.18057,0.2077
DW $D$ asc,83,0.18143,0.20856
DW $D$ asc,84,0.1818,0.20943
DW $D$ asc,85,0.18193,0.20972
DW $D$ asc,86,0.18337,0.20946
DW $D$ asc,87,0.18423,0.20978
DW $D$ asc,88,0.18492,0.21077
DW $D$ asc,89,0.18569,0.21079
DW $D$ asc,90,0.18514,0.21207
DW $D$ asc,91,0.18545,0.21257
DW $D$ asc,92,0.18621,0.21191
DW $D$ asc,93,0.18705,0.21185
DW $D$ asc,94,0.18821,0.21192
DW $D$ asc,95,0.18881,0.2133
DW $D$ asc,96,0.18946,0.21363
DW $D$ asc,97,0.18984,0.21429
DW $D$ asc,98,0.19053,0.21442
DW $D$ asc,99,0.19132,0.2153
DW $D$ asc,100,0.19233,0.21598
DW $D$ asc,101,0.19248,0.21621
DW $D$ asc,102,0.19286,0.21738
DW $D$ asc,103,0.19341,0.21759
DW $D$ asc,104,0.19376,0.21823
DW $D$ asc,105,0.19466,0.21868
DW $D$ asc,106,0.19609,0.21805
DW $D$ asc,107,0.19674,0.21829
DW $D$ asc,108,0.19694,0.21961
DW $D$ asc,109,0.19845,0.21977
DW $D$ asc,110,0.19843,0.21987
DW $D$ asc,111,0.1998,0.21991
DW $D$ asc,112,0.19982,0.22003
DW $D$ asc,113,0.2009,0.22019
DW $D$ asc,114,0.20165,0.22066
DW $D$ asc,115,0.20194,0.22097
DW $D$ asc,116,0.20296,0.22113
DW $D$ asc,117,0.20327,0.22148
DW $D$ asc,118,0.20356,0.22159
DW $D$ asc,119,0.20499,0.22159
DW $D$ asc,120,0.20574,0.2217
DW $D$ asc,121,0.20599,0.22205
DW $D$ asc,122,0.20673,0.22279
DW $D$ asc,123,0.20702,0.22272
DW $D$ asc,124,0.20719,0.22331
DW $D$ asc,125,0.20779,0.22341
DW $D$ asc,126,0.20758,0.22364
DW $D$ asc,127,0.20805,0.22367
DW $D$ asc,128,0.20924,0.22311
DW $D$ asc,129,0.21049,0.22322
DW $D$ asc,130,0.21124,0.22364
DW $D$ asc,131,0.2115,0.2245
DW $D$ asc,132,0.21183,0.22414
DW $D$ asc,133,0.21161,0.22526
DW $D$ asc,134,0.21251,0.22542
DW $D$ asc,135,0.21279,0.22592
DW $D$ asc,136,0.21385,0.22609
DW $D$ asc,137,0.21468,0.22592
DW $D$ asc,138,0.21455,0.22666
DW $D$ asc,139,0.21503,0.22593
DW $D$ asc,140,0.21616,0.22601
DW $D$ asc,141,0.21629,0.22642
DW $D$ asc,142,0.2172,0.22702
DW $D$ asc,143,0.21772,0.22743
DW $D$ asc,144,0.21878,0.22805
DW $D$ asc,145,0.21934,0.22825
DW $D$ asc,146,0.22004,0.22909
DW $D$ asc,147,0.22077,0.22926
DW $D$ asc,148,0.22058,0.2296
DW $D$ asc,149,0.2206,0.22977
DW $D$ asc,150,0.22112,0.23069
DW $D$ asc,151,0.22167,0.23105
DW $D$ asc,152,0.22215,0.23122
DW $D$ asc,153,0.2227,0.23158
DW $D$ asc,154,0.22293,0.23203
DW $D$ asc,155,0.22308,0.2322
DW $D$ asc,156,0.22404,0.23193
DW $D$ asc,157,0.22435,0.23255
DW $D$ asc,158,0.22509,0.23307
DW $D$ asc,159,0.22541,0.23314
DW $D$ asc,160,0.22585,0.23359
DW $D$ asc,161,0.22659,0.23445
DW $D$ asc,162,0.22755,0.23465
DW $D$ asc,163,0.22884,0.23466
DW $D$ asc,164,0.23001,0.23455
DW $D$ asc,165,0.23073,0.23486
DW $D$ asc,166,0.23051,0.23568
DW $D$ asc,167,0.23081,0.23586
DW $D$ asc,168,0.2309,0.23682
DW $D$ asc,169,0.23108,0.23673
DW $D$ asc,170,0.23142,0.23691
DW $D$ asc,171,0.23127,0.2372
DW $D$ asc,172,0.2319,0.23771
DW $D$ asc,173,0.23183,0.23811
DW $D$ asc,174,0.23261,0.23809
DW $D$ asc,175,0.23318,0.23797
DW $D$ asc,176,0.23338,0.23728
DW $D$ asc,177,0.23399,0.23744
DW $D$ asc,178,0.23427,0.23775
DW $D$ asc,179,0.2349,0.23739
DW $D$ asc,180,0.23502,0.23754
DW $D$ asc,181,0.23559,0.23766
DW $D$ asc,182,0.23679,0.23812
DW $D$ asc,183,0.23686,0.23827
DW $D$ asc,184,0.23747,0.23869
DW $D$ asc,185,0.23802,0.23905
DW $D$ asc,186,0.23789,0.23967
DW $D$ asc,187,0.23823,0.24
DW $D$ asc,188,0.23974,0.23976
DW $D$ asc,189,0.23999,0.24047
DW $D$ asc,190,0.24047,0.24004
DW $D$ asc,191,0.24042,0.23972
DW $D$ asc,192,0.24109,0.24039
DW $D$ asc,193,0.24146,0.24101
DW $D$ asc,194,0.24119,0.24129
DW $D$ asc,195,0.24161,0.24134
DW $D$ asc,196,0.24151,0.24151
DW $D$ asc,197,0.24169,0.24169
DW $D$ asc,198,0.24201,0.24196
DW $D$ asc,199,0.24226,0.24263
DW $D$ asc,200,0.243,0.24279
DW $D$ desc,2,0.08918,0.07855
DW $D$ desc,3,0.14073,0.08558
DW $D$ desc,4,0.17422,0.09932
DW $D$ desc,5,0.20123,0.10566
DW $D$ desc,6,0.22423,0.10828
DW $D$ desc,7,0.24638,0.11167
DW $D$ desc,8,0.2636,0.11425
DW $D$ desc,9,0.28103,0.11943
DW $D$ desc,10,0.29533,0.12188
DW $D$ desc,11,0.30756,0.12636
DW $D$ desc,12,0.31949,0.12652
DW $D$ desc,13,0.33058,0.12732
DW $D$ desc,14,0.33993,0.12795
DW $D$ desc,15,0.35127,0.13083
DW $D$ desc,16,0.36155,0.13263
DW $D$ desc,17,0.37022,0.13306
DW $D$ desc,18,0.37946,0.13472
DW $D$ desc,19,0.38893,0.13584
DW $D$ desc,20,0.3967,0.13671
DW $D$ desc,21,0.40426,0.13689
DW $D$ desc,22,0.41129,0.13709
DW $D$ desc,23,0.41856,0.13722
DW $D$ desc,24,0.42576,0.13807
DW $D$ desc,25,0.43142,0.13852
DW $D$ desc,26,0.43775,0.13874
DW $D$ desc,27,0.44161,0.14015
DW $D$ desc,28,0.44745,0.14142
DW $D$ desc,29,0.45227,0.14182
DW $D$ desc,30,0.45761,0.14256
DW $D$ desc,31,0.46356,0.14245
DW $D$ desc,32,0.46854,0.14197
DW $D$ desc,33,0.47275,0.14401
DW $D$ desc,34,0.47722,0.14405
DW $D$ desc,35,0.48116,0.14412
DW $D$ desc,36,0.48525,0.14395
DW $D$ desc,37,0.48927,0.14421
DW $D$ desc,38,0.49398,0.14453
DW $D$ desc,39,0.49829,0.14447
DW $D$ desc,40,0.5023,0.14508
DW $D$ desc,41,0.50557,0.14572
DW $D$ desc,42,0.50865,0.14643
DW $D$ desc,43,0.51188,0.14658
DW $D$ desc,44,0.51559,0.14736
DW $D$ desc,45,0.5184,0.14799
DW $D$ desc,46,0.52164,0.1474
DW $D$ desc,47,0.5247,0.14713
DW $D$ desc,48,0.52846,0.14756
DW $D$ desc,49,0.53233,0.14756
DW $D$ desc,50,0.53514,0.14737
DW $D$ desc,51,0.53887,0.14833
DW $D$ desc,52,0.5411,0.14797
DW $D$ desc,53,0.54449,0.14692
DW $D$ desc,54,0.54787,0.14734
DW $D$ desc,55,0.55086,0.14723
DW $D$ desc,56,0.55366,0.14642
DW $D$ desc,57,0.55589,0.14625
DW $D$ desc,58,0.55805,0.14732
DW $D$ desc,59,0.56081,0.1473
DW $D$ desc,60,0.56353,0.14796
DW $D$ desc,61,0.56634,0.14808
DW $D$ desc,62,0.56873,0.14814
DW $D$ desc,63,0.57129,0.1476
DW $D$ desc,64,0.57357,0.1476
DW $D$ desc,65,0.57581,0.14882
DW $D$ desc,66,0.57777,0.14961
DW $D$ desc,67,0.57979,0.14969
DW $D$ desc,68,0.5821,0.14933
DW $D$ desc,69,0.58436,0.14864
DW $D$ desc,70,0.58643,0.14961
DW $D$ desc,71,0.58829,0.14929
DW $D$ desc,72,0.5901,0.1495
DW $D$ desc,73,0.59155,0.14888
DW $D$ desc,74,0.59362,0.1497
DW $D$ desc,75,0.59561,0.15022
DW $D$ desc,76,0.59773,0.15029
DW $D$ desc,77,0.59899,0.14974
DW $D$ desc,78,0.60026,0.15045
DW $D$ desc,79,0.60204,0.15114
DW $D$ desc,80,0.60371,0.15137
DW $D$ desc,81,0.6054,0.15184
DW $D$ desc,82,0.60686,0.15195
DW $D$ desc,83,0.60863,0.15175
DW $D$ desc,84,0.60968,0.15242
DW $D$ desc,85,0.61092,0.15245
DW $D$ desc,86,0.61288,0.15211
DW $D$ desc,87,0.61437,0.15231
DW $D$ desc,88,0.61602,0.15257
DW $D$ desc,89,0.61748,0.15291
DW $D$ desc,90,0.61877,0.15237
DW $D$ desc,91,0.62053,0.15224
DW $D$ desc,92,0.62195,0.15277
DW $D$ desc,93,0.62327,0.15293
DW $D$ desc,94,0.62393,0.15346
DW $D$ desc,95,0.62565,0.15304
DW $D$ desc,96,0.62693,0.15324
DW $D$ desc,97,0.62897,0.15392
DW $D$ desc,98,0.63026,0.15394
DW $D$ desc,99,0.63173,0.15417
DW $D$ desc,100,0.63337,0.15412
DW $D$ desc,101,0.63482,0.15388
DW $D$ desc,102,0.63572,0.15419
DW $D$ desc,103,0.63672,0.15429
DW $D$ desc,104,0.6383,0.15438
DW $D$ desc,105,0.63939,0.15437
DW $D$ desc,106,0.6405,0.15415
DW $D$ desc,107,0.64169,0.15427
DW $D$ desc,108,0.64325,0.15441
DW $D$ desc,109,0.64405,0.15499
DW $D$ desc,110,0.64538,0.15485
DW $D$ desc,111,0.64662,0.155
DW $D$ desc,112,0.64756,0.15532
DW $D$ desc,113,0.64893,0.15605
DW $D$ desc,114,0.65019,0.15606
DW $D$ desc,115,0.651,0.15666
DW $D$ desc,116,0.65177,0.15697
DW $D$ desc,117,0.65281,0.15718
DW $D$ desc,118,0.65374,0.15742
DW $D$ desc,119,0.65473,0.15789
DW $D$ desc,120,0.65586,0.15757
DW $D$ desc,121,0.65715,0.15766
DW $D$ desc,122,0.65823,0.15811
DW $D$ desc,123,0.65919,0.15801
DW $D$ desc,124,0.66012,0.15823
DW $D$ desc,125,0.66133,0.15842
DW $D$ desc,126,0.66229,0.15791
DW $D$ desc,127,0.66327,0.15798
DW $D$ desc,128,0.66404,0.15761
DW $D$ desc,129,0.66481,0.1579
DW $D$ desc,130,0.66609,0.15781
DW $D$ desc,131,0.66718,0.15774
DW $D$ desc,132,0.66802,0.15701
DW $D$ desc,133,0.66911,0.15728
DW $D$ desc,134,0.67007,0.1573
DW $D$ desc,135,0.67042,0.15737
DW $D$ desc,136,0.67131,0.157
DW $D$ desc,137,0.67205,0.15727
DW $D$ desc,138,0.67309,0.15756
DW $D$ desc,139,0.67395,0.15718
DW $D$ desc,140,0.675,0.15747
DW $D$ desc,141,0.67592,0.15724
DW $D$ desc,142,0.67652,0.15696
DW $D$ desc,143,0.67695,0.15693
DW $D$ desc,144,0.67776,0.15696
DW $D$ desc,145,0.6787,0.15657
DW $D$ desc,146,0.6791,0.1566
DW $D$ desc,147,0.67992,0.1563
DW $D$ desc,148,0.68088,0.15641
DW $D$ desc,149,0.68142,0.15674
DW $D$ desc,150,0.68229,0.1573
DW $D$ desc,151,0.6832,0.15761
DW $D$ desc,152,0.68369,0.15765
DW $D$ desc,153,0.68438,0.15786
DW $D$ desc,154,0.68507,0.15791
DW $D$ desc,155,0.68571,0.1579
DW $D$ desc,156,0.68627,0.15805
DW $D$ desc,157,0.6866,0.1583
DW $D$ desc,158,0.68772,0.15837
DW $D$ desc,159,0.68842,0.15852
DW $D$ desc,160,0.6894,0.15823
DW $D$ desc,161,0.69003,0.15844
DW $D$ desc,162,0.6909,0.1582
DW $D$ desc,163,0.69159,0.15839
DW $D$ desc,164,0.69233,0.15836
DW $D$ desc,165,0.69282,0.15833
DW $D$ desc,166,0.69351,0.15856
DW $D$ desc,167,0.69395,0.1586
DW $D$ desc,168,0.69488,0.1588
DW $D$ desc,169,0.69549,0.15923
DW $D$ desc,170,0.69649,0.15868
DW $D$ desc,171,0.69717,0.15816
DW $D$ desc,172,0.6977,0.15842
DW $D$ desc,173,0.69827,0.15857
DW $D$ desc,174,0.69904,0.15828
DW $D$ desc,175,0.69987,0.15815
DW $D$ desc,176,0.70054,0.15843
DW $D$ desc,177,0.70107,0.15808
DW $D$ desc,178,0.70178,0.15813
DW $D$ desc,179,0.70241,0.15798
DW $D$ desc,180,0.703,0.15836
DW $D$ desc,181,0.70368,0.15883
DW $D$ desc,182,0.70466,0.15826
DW $D$ desc,183,0.70512,0.15869
DW $D$ desc,184,0.70593,0.15808
DW $D$ desc,185,0.70651,0.15781
DW $D$ desc,186,0.70735,0.15746
DW $D$ desc,187,0.70806,0.15755
DW $D$ desc,188,0.7086,0.15728
DW $D$ desc,189,0.70932,0.15699
DW $D$ desc,190,0.70981,0.15713
DW $D$ desc,191,0.71025,0.15733
DW $D$ desc,192,0.7109,0.15725
DW $D$ desc,193,0.71124,0.15761
DW $D$ desc,194,0.712,0.15775
DW $D$ desc,195,0.71216,0.15806
DW $D$ desc,196,0.71314,0.1578
DW $D$ desc,197,0.71394,0.15804
DW $D$ desc,198,0.71443,0.15858
DW $D$ desc,199,0.71501,0.15814
DW $D$ desc,200,0.71559,0.15792
DW $u$ asc,2,0.0331,0.09376
DW $u$ asc,3,0.05648,0.10368
DW $u$ asc,4,0.07261,0.1089
DW $u$ asc,5,0.08804,0.11559
DW $u$ asc,6,0.09763,0.1253
DW $u$ asc,7,0.10506,0.13108
DW $u$ asc,8,0.11726,0.13696
DW $u$ asc,9,0.12602,0.14328
DW $u$ asc,10,0.13271,0.14799
DW $u$ asc,11,0.13851,0.15395
DW $u$ asc,12,0.14743,0.1582
DW $u$ asc,13,0.15188,0.16165
DW $u$ asc,14,0.15881,0.16347
DW $u$ asc,15,0.16454,0.16667
DW $u$ asc,16,0.16854,0.16982
DW $u$ asc,17,0.17302,0.17163
DW $u$ asc,18,0.17845,0.17493
DW $u$ asc,19,0.18495,0.17791
DW $u$ asc,20,0.18938,0.18077
DW $u$ asc,21,0.193,0.18247
DW $u$ asc,22,0.19829,0.18475
DW $u$ asc,23,0.20058,0.1879
DW $u$ asc,24,0.20381,0.18939
DW $u$ asc,25,0.20891,0.19125
DW $u$ asc,26,0.21205,0.19327
DW $u$ asc,27,0.21562,0.19567
DW $u$ asc,28,0.21922,0.19854
DW $u$ asc,29,0.22162,0.201
DW $u$ asc,30,0.22392,0.20424
DW $u$ asc,31,0.22673,0.20559
DW $u$ asc,32,0.22967,0.20867
DW $u$ asc,33,0.23272,0.20982
DW $u$ asc,34,0.23472,0.21145
DW $u$ asc,35,0.23662,0.21289
DW $u$ asc,36,0.2398,0.21401
DW $u$ asc,37,0.24138,0.2158
DW $u$ asc,38,0.24315,0.21864
DW $u$ asc,39,0.24601,0.22017
DW $u$ asc,40,0.24801,0.22213
DW $u$ asc,41,0.24956,0.22371
DW $u$ asc,42,0.25161,0.2248
DW $u$ asc,43,0.25169,0.22685
DW $u$ asc,44,0.25367,0.22792
DW $u$ asc,45,0.25567,0.22894
DW $u$ asc,46,0.25749,0.23011
DW $u$ asc,47,0.25949,0.23053
DW $u$ asc,48,0.26176,0.23155
DW $u$ asc,49,0.26323,0.23311
DW $u$ asc,50,0.265,0.23449
DW $u$ asc,51,0.26745,0.23459
DW $u$ asc,52,0.2685,0.2362
DW $u$ asc,53,0.27009,0.23806
DW $u$ asc,54,0.27191,0.23825
DW $u$ asc,55,0.27298,0.24007
DW $u$ asc,56,0.27356,0.24138
DW $u$ asc,57,0.27585,0.24186
DW $u$ asc,58,0.27724,0.24214
DW $u$ asc,59,0.27847,0.24278
DW $u$ asc,60,0.28108,0.24214
DW $u$ asc,61,0.28339,0.24344
DW $u$ asc,62,0.28429,0.245
DW $u$ asc,63,0.28516,0.24588
DW $u$ asc,64,0.28583,0.2461
DW $u$ asc,65,0.28676,0.24701
DW $u$ asc,66,0.28846,0.24789
DW $u$ asc,67,0.29142,0.24755
DW $u$ asc,68,0.29293,0.24814
DW $u$ asc,69,0.29442,0.24904
DW $u$ asc,70,0.29559,0.2503
DW $u$ asc,71,0.29761,0.25037
DW $u$ asc,72,0.29914,0.25065
DW $u$ asc,73,0.30102,0.25062
DW $u$ asc,74,0.30203,0.25208
DW $u$ asc,75,0.30324,0.25226
DW $u$ asc,76,0.30433,0.25272
DW $u$ asc,77,0.30536,0.25368
DW $u$ asc,78,0.30643,0.25415
DW $u$ asc,79,0.30737,0.2558
DW $u$ asc,80,0.30861,0.25597
DW $u$ asc,81,0.30931,0.25615
DW $u$ asc,82,0.3104,0.2573
DW $u$ asc,83,0.3118,0.25822
DW $u$ asc,84,0.31338,0.25857
DW $u$ asc,85,0.31444,0.25919
DW $u$ asc,86,0.31493,0.26047
DW $u$ asc,87,0.31606,0.26109
DW $u$ asc,88,0.31809,0.26161
DW $u$ asc,89,0.32037,0.2611
DW $u$ asc,90,0.32149,0.26184
DW $u$ asc,91,0.32198,0.26249
DW $u$ asc,92,0.3226,0.26325
DW $u$ asc,93,0.32338,0.2633
DW $u$ asc,94,0.3245,0.26374
DW $u$ asc,95,0.32527,0.265
DW $u$ asc,96,0.32665,0.26442
DW $u$ asc,97,0.32772,0.26491
DW $u$ asc,98,0.32844,0.26577
DW $u$ asc,99,0.32925,0.26664
DW $u$ asc,100,0.32974,0.26808
DW $u$ asc,101,0.33053,0.26881
DW $u$ asc,102,0.33144,0.26916
DW $u$ asc,103,0.33156,0.27003
DW $u$ asc,104,0.33265,0.27067
DW $u$ asc,105,0.33416,0.27086
DW $u$ asc,106,0.33522,0.27067
DW $u$ asc,107,0.33554,0.27135
DW $u$ asc,108,0.33701,0.27154
DW $u$ asc,109,0.3375,0.27158
DW $u$ asc,110,0.33911,0.27202
DW $u$ asc,111,0.33991,0.27204
DW $u$ asc,112,0.34043,0.27242
DW $u$ asc,113,0.34075,0.27333
DW $u$ asc,114,0.34222,0.27379
DW $u$ asc,115,0.34257,0.27354
DW $u$ asc,116,0.34368,0.27434
DW $u$ asc,117,0.34461,0.27501
DW $u$ asc,118,0.34588,0.27469
DW $u$ asc,119,0.34645,0.27469
DW $u$ asc,120,0.34786,0.27452
DW $u$ asc,121,0.3486,0.27617
DW $u$ asc,122,0.35007,0.27631
DW $u$ asc,123,0.35047,0.27632
DW $u$ asc,124,0.35053,0.27698
DW $u$ asc,125,0.35165,0.2774
DW $u$ asc,126,0.35183,0.27858
DW $u$ asc,127,0.35233,0.2782
DW $u$ asc,128,0.35277,0.27882
DW $u$ asc,129,0.35384,0.27877
DW $u$ asc,130,0.35472,0.27845
DW $u$ asc,131,0.35599,0.27853
DW $u$ asc,132,0.35631,0.27862
DW $u$ asc,133,0.35699,0.27898
DW $u$ asc,134,0.35763,0.2796
DW $u$ asc,135,0.3584,0.27984
DW $u$ asc,136,0.35875,0.28024
DW $u$ asc,137,0.35979,0.28069
DW $u$ asc,138,0.36025,0.28142
DW $u$ asc,139,0.36075,0.28162
DW $u$ asc,140,0.3614,0.28208
DW $u$ asc,141,0.36241,0.28197
DW $u$ asc,142,0.3635,0.2818
DW $u$ asc,143,0.36426,0.28187
DW $u$ asc,144,0.36449,0.28269
DW $u$ asc,145,0.36524,0.28251
DW $u$ asc,146,0.36638,0.28256
DW $u$ asc,147,0.36719,0.28269
DW $u$ asc,148,0.36746,0.28319
DW $u$ asc,149,0.36906,0.28294
DW $u$ asc,150,0.36939,0.28334
DW $u$ asc,151,0.36951,0.28359
DW $u$ asc,152,0.36955,0.28432
DW $u$ asc,153,0.36989,0.28467
DW $u$ asc,154,0.37116,0.28449
DW $u$ asc,155,0.37106,0.28556
DW $u$ asc,156,0.37164,0.28554
DW $u$ asc,157,0.37264,0.28544
DW $u$ asc,158,0.37303,0.28657
DW $u$ asc,159,0.3743,0.28632
DW $u$ asc,160,0.37475,0.28706
DW $u$ asc,161,0.37524,0.2876
DW $u$ asc,162,0.37698,0.28719
DW $u$ asc,163,0.37769,0.28762
DW $u$ asc,164,0.37876,0.28763
DW $u$ asc,165,0.37854,0.28788
DW $u$ asc,166,0.37903,0.28795
DW $u$ asc,167,0.38005,0.28839
DW $u$ asc,168,0.38117,0.28837
DW $u$ asc,169,0.38202,0.28839
DW $u$ asc,170,0.3825,0.28919
DW $u$ asc,171,0.38341,0.2891
DW $u$ asc,172,0.38392,0.28961
DW $u$ asc,173,0.3844,0.28991
DW $u$ asc,174,0.38534,0.28994
DW $u$ asc,175,0.38628,0.29046
DW $u$ asc,176,0.38619,0.29092
DW $u$ asc,177,0.38665,0.29094
DW $u$ asc,178,0.38746,0.29033
DW $u$ asc,179,0.38787,0.29039
DW $u$ asc,180,0.38786,0.29137
DW $u$ asc,181,0.38847,0.29204
DW $u$ asc,182,0.38869,0.29209
DW $u$ asc,183,0.38892,0.29251
DW $u$ asc,184,0.39014,0.29248
DW $u$ asc,185,0.39055,0.29332
DW $u$ asc,186,0.39152,0.29305
DW $u$ asc,187,0.39216,0.29378
DW $u$ asc,188,0.39277,0.29371
DW $u$ asc,189,0.39328,0.2935
DW $u$ asc,190,0.3938,0.29395
DW $u$ asc,191,0.39431,0.29417
DW $u$ asc,192,0.39431,0.29428
DW $u$ asc,193,0.39518,0.29367
DW $u$ asc,194,0.39604,0.29314
DW $u$ asc,195,0.39674,0.29268
DW $u$ asc,196,0.39696,0.29226
DW $u$ asc,197,0.39823,0.29144
DW $u$ asc,198,0.39828,0.29191
DW $u$ asc,199,0.39832,0.29185
DW $u$ asc,200,0.39842,0.29249
DW $u$ desc,2,0.09249,0.07747
DW $u$ desc,3,0.14595,0.08838
DW $u$ desc,4,0.1799,0.09641
DW $u$ desc,5,0.20635,0.10284
DW $u$ desc,6,0.23251,0.10578
DW $u$ desc,7,0.25486,0.1106
DW $u$ desc,8,0.27419,0.11144
DW $u$ desc,9,0.29082,0.11212
DW $u$ desc,10,0.30412,0.11641
DW $u$ desc,11,0.31631,0.11858
DW $u$ desc,12,0.32842,0.12027
DW $u$ desc,13,0.33968,0.12337
DW $u$ desc,14,0.35117,0.12447
DW $u$ desc,15,0.36158,0.12594
DW $u$ desc,16,0.37195,0.12548
DW $u$ desc,17,0.38071,0.12774
DW $u$ desc,18,0.38811,0.12795
DW $u$ desc,19,0.39643,0.12989
DW $u$ desc,20,0.40467,0.13104
DW $u$ desc,21,0.41114,0.13245
DW $u$ desc,22,0.41927,0.13269
DW $u$ desc,23,0.4254,0.13411
DW $u$ desc,24,0.43203,0.13481
DW $u$ desc,25,0.43818,0.13595
DW $u$ desc,26,0.44463,0.13614
DW $u$ desc,27,0.44997,0.13723
DW $u$ desc,28,0.45606,0.13683
DW $u$ desc,29,0.46191,0.135
DW $u$ desc,30,0.46823,0.13638
DW $u$ desc,31,0.4734,0.13739
DW $u$ desc,32,0.47795,0.13724
DW $u$ desc,33,0.48272,0.13681
DW $u$ desc,34,0.48718,0.13757
DW $u$ desc,35,0.49179,0.13766
DW $u$ desc,36,0.4956,0.13907
DW $u$ desc,37,0.49949,0.13962
DW $u$ desc,38,0.5043,0.14053
DW $u$ desc,39,0.50817,0.13978
DW $u$ desc,40,0.51184,0.13974
DW $u$ desc,41,0.51494,0.13999
DW $u$ desc,42,0.51868,0.14023
DW $u$ desc,43,0.52176,0.13992
DW $u$ desc,44,0.52579,0.1404
DW $u$ desc,45,0.52876,0.14145
DW $u$ desc,46,0.53204,0.14126
DW $u$ desc,47,0.53513,0.14138
DW $u$ desc,48,0.53787,0.14126
DW $u$ desc,49,0.54128,0.14148
DW $u$ desc,50,0.54388,0.14168
DW $u$ desc,51,0.54693,0.14187
DW $u$ desc,52,0.55034,0.14193
DW $u$ desc,53,0.55309,0.14159
DW $u$ desc,54,0.55566,0.14139
DW $u$ desc,55,0.55871,0.14045
DW $u$ desc,56,0.56051,0.14033
DW $u$ desc,57,0.56261,0.1402
DW $u$ desc,58,0.56632,0.13926
DW $u$ desc,59,0.56959,0.13957
DW $u$ desc,60,0.57194,0.13939
DW $u$ desc,61,0.5746,0.13907
DW $u$ desc,62,0.57687,0.1382
DW $u$ desc,63,0.5792,0.13825
DW $u$ desc,64,0.58121,0.13873
DW $u$ desc,65,0.58296,0.13934
DW $u$ desc,66,0.58513,0.13891
DW $u$ desc,67,0.58748,0.139
DW $u$ desc,68,0.58936,0.13867
DW $u$ desc,69,0.59195,0.13769
DW $u$ desc,70,0.59372,0.13788
DW $u$ desc,71,0.59569,0.13812
DW $u$ desc,72,0.598,0.13797
DW $u$ desc,73,0.59944,0.13747
DW $u$ desc,74,0.60175,0.13718
DW $u$ desc,75,0.60366,0.13729
DW $u$ desc,76,0.60589,0.13728
DW $u$ desc,77,0.60792,0.13697
DW $u$ desc,78,0.60976,0.13679
DW $u$ desc,79,0.61119,0.13727
DW $u$ desc,80,0.61362,0.13626
DW $u$ desc,81,0.61495,0.13608
DW $u$ desc,82,0.61621,0.13708
DW $u$ desc,83,0.61742,0.13756
DW $u$ desc,84,0.61922,0.13733
DW $u$ desc,85,0.62111,0.13701
DW $u$ desc,86,0.6228,0.13665
DW $u$ desc,87,0.62415,0.13717
DW $u$ desc,88,0.62572,0.13696
DW $u$ desc,89,0.62722,0.13678
DW $u$ desc,90,0.62803,0.13636
DW $u$ desc,91,0.6289,0.13656
DW $u$ desc,92,0.63068,0.13638
DW $u$ desc,93,0.63178,0.13686
DW $u$ desc,94,0.63336,0.13658
DW $u$ desc,95,0.63436,0.13697
DW $u$ desc,96,0.63604,0.1365
DW $u$ desc,97,0.63739,0.13643
DW $u$ desc,98,0.63855,0.13618
DW $u$ desc,99,0.64008,0.1369
DW $u$ desc,100,0.64067,0.13762
DW $u$ desc,101,0.64193,0.13715
DW $u$ desc,102,0.64278,0.13708
DW $u$ desc,103,0.64456,0.1368
DW $u$ desc,104,0.64593,0.13674
DW $u$ desc,105,0.64664,0.13648
DW $u$ desc,106,0.64779,0.13619
DW $u$ desc,107,0.64909,0.13599
DW $u$ desc,108,0.6501,0.1359
DW $u$ desc,109,0.65139,0.13611
DW $u$ desc,110,0.65239,0.13652
DW $u$ desc,111,0.65396,0.13609
DW $u$ desc,112,0.65418,0.13657
DW $u$ desc,113,0.65559,0.13633
DW $u$ desc,114,0.65681,0.1359
DW $u$ desc,115,0.6584,0.13611
DW $u$ desc,116,0.65907,0.13584
DW $u$ desc,117,0.66039,0.13579
DW $u$ desc,118,0.66187,0.13572
DW $u$ desc,119,0.66294,0.13556
DW $u$ desc,120,0.66365,0.13592
DW $u$ desc,121,0.66413,0.13608
DW $u$ desc,122,0.66545,0.13522
DW $u$ desc,123,0.66674,0.1352
DW $u$ desc,124,0.66741,0.13549
DW $u$ desc,125,0.66834,0.13569
DW $u$ desc,126,0.66906,0.13506
DW $u$ desc,127,0.66963,0.1358
DW $u$ desc,128,0.67051,0.13587
DW $u$ desc,129,0.67205,0.13504
DW $u$ desc,130,0.67307,0.13447
DW $u$ desc,131,0.67445,0.13405
DW $u$ desc,132,0.67522,0.13434
DW $u$ desc,133,0.67586,0.13427
DW $u$ desc,134,0.67709,0.13413
DW $u$ desc,135,0.6777,0.13405
DW $u$ desc,136,0.67838,0.13414
DW $u$ desc,137,0.67902,0.13431
DW $u$ desc,138,0.68031,0.1338
DW $u$ desc,139,0.68128,0.13353
DW $u$ desc,140,0.68165,0.13307
DW $u$ desc,141,0.68263,0.13314
DW $u$ desc,142,0.68357,0.13282
DW $u$ desc,143,0.68436,0.13348
DW $u$ desc,144,0.68498,0.13361
DW $u$ desc,145,0.68565,0.13358
DW $u$ desc,146,0.68635,0.13317
DW $u$ desc,147,0.68733,0.13332
DW $u$ desc,148,0.68786,0.13294
DW $u$ desc,149,0.68894,0.13324
DW $u$ desc,150,0.68972,0.13286
DW $u$ desc,151,0.69025,0.13378
DW $u$ desc,152,0.69168,0.13376
DW $u$ desc,153,0.69288,0.13336
DW $u$ desc,154,0.69355,0.13335
DW $u$ desc,155,0.69401,0.13356
DW $u$ desc,156,0.69461,0.13343
DW $u$ desc,157,0.69541,0.13351
DW $u$ desc,158,0.69621,0.13322
DW $u$ desc,159,0.69722,0.13262
DW $u$ desc,160,0.69789,0.13252
DW $u$ desc,161,0.69834,0.13248
DW $u$ desc,162,0.6989,0.13266
DW $u$ desc,163,0.69963,0.13249
DW $u$ desc,164,0.70044,0.13175
DW $u$ desc,165,0.70086,0.1319
DW $u$ desc,166,0.70188,0.13156
DW $u$ desc,167,0.70252,0.13126
DW $u$ desc,168,0.70314,0.13108
DW $u$ desc,169,0.70395,0.13142
DW $u$ desc,170,0.70497,0.13131
DW $u$ desc,171,0.70543,0.13151
DW $u$ desc,172,0.70567,0.1313
DW $u$ desc,173,0.70624,0.13114
DW $u$ desc,174,0.70697,0.13126
DW $u$ desc,175,0.70778,0.13088
DW $u$ desc,176,0.70804,0.13091
DW $u$ desc,177,0.70875,0.13106
DW $u$ desc,178,0.70961,0.13065
DW $u$ desc,179,0.71014,0.13163
DW $u$ desc,180,0.71055,0.13175
DW $u$ desc,181,0.71118,0.13168
DW $u$ desc,182,0.71192,0.13133
DW $u$ desc,183,0.71279,0.13122
DW $u$ desc,184,0.71315,0.13145
DW $u$ desc,185,0.71362,0.13166
DW $u$ desc,186,0.71441,0.13167
DW $u$ desc,187,0.7153,0.13137
DW $u$ desc,188,0.71608,0.13097
DW $u$ desc,189,0.71688,0.1304
DW $u$ desc,190,0.7171,0.13036
DW $u$ desc,191,0.71743,0.13036
DW $u$ desc,192,0.71833,0.1302
DW $u$ desc,193,0.71889,0.13013
DW $u$ desc,194,0.71935,0.13056
DW $u$ desc,195,0.71977,0.13077
DW $u$ desc,196,0.72019,0.13016
DW $u$ desc,197,0.72098,0.12967
DW $u$ desc,198,0.72153,0.12936
DW $u$ desc,199,0.72204,0.12934
DW $u$ desc,200,0.72272,0.12891
MUT $D$ desc,2,0.03022,0.085
MUT $D$ desc,3,0.05479,0.08658
MUT $D$ desc,4,0.0769,0.09217
MUT $D$ desc,5,0.09173,0.0947
MUT $D$ desc,6,0.10865,0.09889
MUT $D$ desc,7,0.12496,0.10461
MUT $D$ desc,8,0.13798,0.10802
MUT $D$ desc,9,0.15221,0.11049
MUT $D$ desc,10,0.16445,0.11396
MUT $D$ desc,11,0.1759,0.11865
MUT $D$ desc,12,0.1886,0.12113
MUT $D$ desc,13,0.19872,0.12276
MUT $D$ desc,14,0.20713,0.12534
MUT $D$ desc,15,0.21764,0.12897
MUT $D$ desc,16,0.2249,0.13041
MUT $D$ desc,17,0.23238,0.13339
MUT $D$ desc,18,0.23915,0.13485
MUT $D$ desc,19,0.24715,0.13667
MUT $D$ desc,20,0.25253,0.13767
MUT $D$ desc,21,0.26056,0.13752
MUT $D$ desc,22,0.26779,0.13824
MUT $D$ desc,23,0.27402,0.13854
MUT $D$ desc,24,0.27826,0.1414
MUT $D$ desc,25,0.28351,0.14254
MUT $D$ desc,26,0.28968,0.14378
MUT $D$ desc,27,0.294,0.14512
MUT $D$ desc,28,0.29828,0.14751
MUT $D$ desc,29,0.30301,0.1493
MUT $D$ desc,30,0.30816,0.15076
MUT $D$ desc,31,0.31411,0.15165
MUT $D$ desc,32,0.31919,0.152
MUT $D$ desc,33,0.32404,0.15224
MUT $D$ desc,34,0.32885,0.15247
MUT $D$ desc,35,0.33306,0.15344
MUT $D$ desc,36,0.33589,0.15591
MUT $D$ desc,37,0.33955,0.15638
MUT $D$ desc,38,0.34302,0.1575
MUT $D$ desc,39,0.34745,0.15658
MUT $D$ desc,40,0.35209,0.15655
MUT $D$ desc,41,0.35623,0.15634
MUT $D$ desc,42,0.3605,0.15689
MUT $D$ desc,43,0.36461,0.15745
MUT $D$ desc,44,0.36766,0.1577
MUT $D$ desc,45,0.37094,0.1579
MUT $D$ desc,46,0.37485,0.15872
MUT $D$ desc,47,0.37842,0.15973
MUT $D$ desc,48,0.38203,0.16056
MUT $D$ desc,49,0.38581,0.16024
MUT $D$ desc,50,0.3886,0.16077
MUT $D$ desc,51,0.39257,0.16057
MUT $D$ desc,52,0.39522,0.16063
MUT $D$ desc,53,0.39807,0.16123
MUT $D$ desc,54,0.40038,0.16096
MUT $D$ desc,55,0.4028,0.16206
MUT $D$ desc,56,0.40564,0.16275
MUT $D$ desc,57,0.40892,0.16213
MUT $D$ desc,58,0.41094,0.16385
MUT $D$ desc,59,0.4137,0.16331
MUT $D$ desc,60,0.41627,0.16343
MUT $D$ desc,61,0.41881,0.16411
MUT $D$ desc,62,0.42153,0.1645
MUT $D$ desc,63,0.4242,0.16521
MUT $D$ desc,64,0.42556,0.16608
MUT $D$ desc,65,0.42838,0.16585
MUT $D$ desc,66,0.43125,0.16633
MUT $D$ desc,67,0.43417,0.16662
MUT $D$ desc,68,0.43649,0.16715
MUT $D$ desc,69,0.43796,0.1676
MUT $D$ desc,70,0.44026,0.16756
MUT $D$ desc,71,0.44303,0.16774
MUT $D$ desc,72,0.44495,0.16788
MUT $D$ desc,73,0.44772,0.16771
MUT $D$ desc,74,0.45013,0.16769
MUT $D$ desc,75,0.45197,0.16794
MUT $D$ desc,76,0.4536,0.16785
MUT $D$ desc,77,0.45544,0.16824
MUT $D$ desc,78,0.45738,0.1684
MUT $D$ desc,79,0.45931,0.16899
MUT $D$ desc,80,0.46094,0.16924
MUT $D$ desc,81,0.46315,0.16905
MUT $D$ desc,82,0.46531,0.16943
MUT $D$ desc,83,0.46712,0.16964
MUT $D$ desc,84,0.46886,0.17029
MUT $D$ desc,85,0.47047,0.16989
MUT $D$ desc,86,0.47246,0.16936
MUT $D$ desc,87,0.47446,0.16918
MUT $D$ desc,88,0.47697,0.16934
MUT $D$ desc,89,0.4786,0.16884
MUT $D$ desc,90,0.48115,0.16864
MUT $D$ desc,91,0.48202,0.169
MUT $D$ desc,92,0.48378,0.16934
MUT $D$ desc,93,0.4856,0.16955
MUT $D$ desc,94,0.48736,0.1699
MUT $D$ desc,95,0.48908,0.16947
MUT $D$ desc,96,0.49081,0.17005
MUT $D$ desc,97,0.49285,0.1695
MUT $D$ desc,98,0.4947,0.16906
MUT $D$ desc,99,0.49639,0.16921
MUT $D$ desc,100,0.49796,0.16934
MUT $D$ desc,101,0.49911,0.16961
MUT $D$ desc,102,0.50015,0.16951
MUT $D$ desc,103,0.50186,0.16928
MUT $D$ desc,104,0.5041,0.16934
MUT $D$ desc,105,0.50455,0.16944
MUT $D$ desc,106,0.50606,0.16885
MUT $D$ desc,107,0.50768,0.16877
MUT $D$ desc,108,0.50934,0.16857
MUT $D$ desc,109,0.51072,0.16868
MUT $D$ desc,110,0.51208,0.16856
MUT $D$ desc,111,0.51407,0.16839
MUT $D$ desc,112,0.51541,0.16803
MUT $D$ desc,113,0.51689,0.16825
MUT $D$ desc,114,0.51804,0.16824
MUT $D$ desc,115,0.51969,0.1678
MUT $D$ desc,116,0.52132,0.16726
MUT $D$ desc,117,0.52239,0.16779
MUT $D$ desc,118,0.52394,0.16696
MUT $D$ desc,119,0.52541,0.16721
MUT $D$ desc,120,0.52612,0.16742
MUT $D$ desc,121,0.52733,0.16733
MUT $D$ desc,122,0.52837,0.1679
MUT $D$ desc,123,0.52995,0.16788
MUT $D$ desc,124,0.53121,0.16825
MUT $D$ desc,125,0.53225,0.16853
MUT $D$ desc,126,0.53313,0.16901
MUT $D$ desc,127,0.53465,0.16881
MUT $D$ desc,128,0.53611,0.16882
MUT $D$ desc,129,0.5372,0.169
MUT $D$ desc,130,0.53874,0.1682
MUT $D$ desc,131,0.53965,0.16895
MUT $D$ desc,132,0.54034,0.16938
MUT $D$ desc,133,0.54156,0.16921
MUT $D$ desc,134,0.54266,0.1695
MUT $D$ desc,135,0.54378,0.16956
MUT $D$ desc,136,0.54502,0.16926
MUT $D$ desc,137,0.54668,0.16963
MUT $D$ desc,138,0.5482,0.16887
MUT $D$ desc,139,0.54951,0.16881
MUT $D$ desc,140,0.55059,0.16937
MUT $D$ desc,141,0.55143,0.1694
MUT $D$ desc,142,0.55282,0.16908
MUT $D$ desc,143,0.55394,0.16854
MUT $D$ desc,144,0.55533,0.16898
MUT $D$ desc,145,0.55581,0.16945
MUT $D$ desc,146,0.55704,0.16946
MUT $D$ desc,147,0.55779,0.16974
MUT $D$ desc,148,0.55825,0.17014
MUT $D$ desc,149,0.55892,0.16997
MUT $D$ desc,150,0.55987,0.16974
MUT $D$ desc,151,0.56063,0.16973
MUT $D$ desc,152,0.56149,0.17009
MUT $D$ desc,153,0.56249,0.17057
MUT $D$ desc,154,0.56307,0.17076
MUT $D$ desc,155,0.56359,0.17096
MUT $D$ desc,156,0.56436,0.17126
MUT $D$ desc,157,0.56591,0.17107
MUT $D$ desc,158,0.56642,0.17161
MUT $D$ desc,159,0.56728,0.17147
MUT $D$ desc,160,0.56811,0.17174
MUT $D$ desc,161,0.56871,0.17181
MUT $D$ desc,162,0.57011,0.1717
MUT $D$ desc,163,0.57069,0.17165
MUT $D$ desc,164,0.57153,0.17109
MUT $D$ desc,165,0.57221,0.17114
MUT $D$ desc,166,0.5734,0.17077
MUT $D$ desc,167,0.57437,0.17083
MUT $D$ desc,168,0.57523,0.17074
MUT $D$ desc,169,0.57609,0.17045
MUT $D$ desc,170,0.57655,0.17102
MUT $D$ desc,171,0.57739,0.17122
MUT $D$ desc,172,0.57809,0.1713
MUT $D$ desc,173,0.57886,0.17153
MUT $D$ desc,174,0.58029,0.17118
MUT $D$ desc,175,0.58125,0.17058
MUT $D$ desc,176,0.5818,0.17074
MUT $D$ desc,177,0.5828,0.17042
MUT $D$ desc,178,0.5836,0.17106
MUT $D$ desc,179,0.58435,0.17094
MUT $D$ desc,180,0.58504,0.17083
MUT $D$ desc,181,0.58598,0.17085
MUT $D$ desc,182,0.58667,0.17028
MUT $D$ desc,183,0.58748,0.17004
MUT $D$ desc,184,0.58817,0.17005
MUT $D$ desc,185,0.58867,0.17042
MUT $D$ desc,186,0.58996,0.1705
MUT $D$ desc,187,0.59112,0.17017
MUT $D$ desc,188,0.59153,0.17097
MUT $D$ desc,189,0.59265,0.17088
MUT $D$ desc,190,0.5936,0.17102
MUT $D$ desc,191,0.59446,0.17097
MUT $D$ desc,192,0.59464,0.17071
MUT $D$ desc,193,0.59541,0.17033
MUT $D$ desc,194,0.59609,0.17034
MUT $D$ desc,195,0.5974,0.17003
MUT $D$ desc,196,0.598,0.17004
MUT $D$ desc,197,0.59835,0.17033
MUT $D$ desc,198,0.59925,0.17016
MUT $D$ desc,199,0.60004,0.17009
MUT $D$ desc,200,0.60111,0.17009
MUT $u$ desc,2,0.01688,0.06991
MUT $u$ desc,3,0.0336,0.06909
MUT $u$ desc,4,0.04453,0.07039
MUT $u$ desc,5,0.06076,0.07049
MUT $u$ desc,6,0.07032,0.07137
MUT $u$ desc,7,0.08631,0.07019
MUT $u$ desc,8,0.0989,0.06967
MUT $u$ desc,9,0.11133,0.07035
MUT $u$ desc,10,0.12526,0.07066
MUT $u$ desc,11,0.13632,0.07159
MUT $u$ desc,12,0.14624,0.07273
MUT $u$ desc,13,0.15817,0.07206
MUT $u$ desc,14,0.16891,0.07231
MUT $u$ desc,15,0.17948,0.07215
MUT $u$ desc,16,0.18969,0.07175
MUT $u$ desc,17,0.1985,0.0723
MUT $u$ desc,18,0.20718,0.07215
MUT $u$ desc,19,0.21708,0.0735
MUT $u$ desc,20,0.22635,0.07402
MUT $u$ desc,21,0.23522,0.07437
MUT $u$ desc,22,0.24454,0.0739
MUT $u$ desc,23,0.25307,0.07344
MUT $u$ desc,24,0.26108,0.07198
MUT $u$ desc,25,0.26742,0.07164
MUT $u$ desc,26,0.27447,0.07144
MUT $u$ desc,27,0.28206,0.07165
MUT $u$ desc,28,0.28779,0.07135
MUT $u$ desc,29,0.29369,0.07116
MUT $u$ desc,30,0.29957,0.07219
MUT $u$ desc,31,0.30588,0.07232
MUT $u$ desc,32,0.31242,0.0718
MUT $u$ desc,33,0.31816,0.07235
MUT $u$ desc,34,0.32376,0.07246
MUT $u$ desc,35,0.32902,0.07288
MUT $u$ desc,36,0.33518,0.07294
MUT $u$ desc,37,0.34005,0.07321
MUT $u$ desc,38,0.34585,0.07324
MUT $u$ desc,39,0.35029,0.07267
MUT $u$ desc,40,0.35522,0.07344
MUT $u$ desc,41,0.3612,0.07339
MUT $u$ desc,42,0.36504,0.07366
MUT $u$ desc,43,0.36873,0.07341
MUT $u$ desc,44,0.37264,0.0737
MUT $u$ desc,45,0.37722,0.07413
MUT $u$ desc,46,0.38187,0.07404
MUT $u$ desc,47,0.38568,0.07365
MUT $u$ desc,48,0.38904,0.07396
MUT $u$ desc,49,0.39217,0.07482
MUT $u$ desc,50,0.39591,0.07572
MUT $u$ desc,51,0.39939,0.07591
MUT $u$ desc,52,0.40323,0.07602
MUT $u$ desc,53,0.40716,0.07614
MUT $u$ desc,54,0.41112,0.07643
MUT $u$ desc,55,0.41472,0.07622
MUT $u$ desc,56,0.41823,0.07614
MUT $u$ desc,57,0.42179,0.0763
MUT $u$ desc,58,0.42522,0.07623
MUT $u$ desc,59,0.42915,0.07614
MUT $u$ desc,60,0.43259,0.07568
MUT $u$ desc,61,0.43602,0.07547
MUT $u$ desc,62,0.43918,0.07591
MUT $u$ desc,63,0.44231,0.07589
MUT $u$ desc,64,0.44526,0.0754
MUT $u$ desc,65,0.44835,0.0757
MUT $u$ desc,66,0.45112,0.07654
MUT $u$ desc,67,0.45435,0.07725
MUT $u$ desc,68,0.45743,0.07739
MUT $u$ desc,69,0.46053,0.07809
MUT $u$ desc,70,0.4636,0.07854
MUT $u$ desc,71,0.46678,0.07849
MUT $u$ desc,72,0.46948,0.07896
MUT $u$ desc,73,0.47191,0.0792
MUT $u$ desc,74,0.47453,0.07919
MUT $u$ desc,75,0.47699,0.07926
MUT $u$ desc,76,0.47963,0.07985
MUT $u$ desc,77,0.4817,0.08033
MUT $u$ desc,78,0.48392,0.08088
MUT $u$ desc,79,0.48523,0.08115
MUT $u$ desc,80,0.48759,0.08097
MUT $u$ desc,81,0.49025,0.08099
MUT $u$ desc,82,0.4924,0.08114
MUT $u$ desc,83,0.49474,0.08145
MUT $u$ desc,84,0.49688,0.08185
MUT $u$ desc,85,0.49915,0.08143
MUT $u$ desc,86,0.50163,0.08169
MUT $u$ desc,87,0.50407,0.08128
MUT $u$ desc,88,0.50609,0.08102
MUT $u$ desc,89,0.50796,0.08059
MUT $u$ desc,90,0.51004,0.08069
MUT $u$ desc,91,0.51195,0.08081
MUT $u$ desc,92,0.51348,0.08093
MUT $u$ desc,93,0.51519,0.08105
MUT $u$ desc,94,0.51762,0.08066
MUT $u$ desc,95,0.51969,0.08036
MUT $u$ desc,96,0.52098,0.08075
MUT $u$ desc,97,0.52253,0.08068
MUT $u$ desc,98,0.52414,0.08018
MUT $u$ desc,99,0.5259,0.07966
MUT $u$ desc,100,0.52751,0.07994
MUT $u$ desc,101,0.52936,0.07998
MUT $u$ desc,102,0.53112,0.08009
MUT $u$ desc,103,0.53261,0.08047
MUT $u$ desc,104,0.53413,0.08013
MUT $u$ desc,105,0.53541,0.07981
MUT $u$ desc,106,0.53731,0.07956
MUT $u$ desc,107,0.53871,0.0794
MUT $u$ desc,108,0.54069,0.07894
MUT $u$ desc,109,0.54226,0.07834
MUT $u$ desc,110,0.54378,0.0783
MUT $u$ desc,111,0.54527,0.07815
MUT $u$ desc,112,0.54712,0.07741
MUT $u$ desc,113,0.54851,0.07772
MUT $u$ desc,114,0.55033,0.07764
MUT $u$ desc,115,0.55202,0.07743
MUT $u$ desc,116,0.55361,0.07753
MUT $u$ desc,117,0.55509,0.07738
MUT $u$ desc,118,0.55713,0.07748
MUT $u$ desc,119,0.55872,0.07759
MUT $u$ desc,120,0.56051,0.07746
MUT $u$ desc,121,0.56187,0.07777
MUT $u$ desc,122,0.56358,0.07744
MUT $u$ desc,123,0.56531,0.07709
MUT $u$ desc,124,0.56673,0.07718
MUT $u$ desc,125,0.56805,0.07741
MUT $u$ desc,126,0.56956,0.07737
MUT $u$ desc,127,0.57096,0.07691
MUT $u$ desc,128,0.57182,0.07678
MUT $u$ desc,129,0.57331,0.07661
MUT $u$ desc,130,0.57495,0.07649
MUT $u$ desc,131,0.57642,0.07667
MUT $u$ desc,132,0.57745,0.07709
MUT $u$ desc,133,0.57859,0.0773
MUT $u$ desc,134,0.57963,0.07743
MUT $u$ desc,135,0.58069,0.07747
MUT $u$ desc,136,0.58197,0.07763
MUT $u$ desc,137,0.58296,0.07764
MUT $u$ desc,138,0.58418,0.07761
MUT $u$ desc,139,0.58555,0.07803
MUT $u$ desc,140,0.58671,0.07811
MUT $u$ desc,141,0.58809,0.07839
MUT $u$ desc,142,0.58965,0.07847
MUT $u$ desc,143,0.59095,0.07835
MUT $u$ desc,144,0.59209,0.07837
MUT $u$ desc,145,0.5934,0.07828
MUT $u$ desc,146,0.59453,0.07755
MUT $u$ desc,147,0.59567,0.07704
MUT $u$ desc,148,0.59649,0.07698
MUT $u$ desc,149,0.59738,0.07695
MUT $u$ desc,150,0.59851,0.07709
MUT $u$ desc,151,0.59958,0.07702
MUT $u$ desc,152,0.60081,0.07706
MUT $u$ desc,153,0.60205,0.0773
MUT $u$ desc,154,0.6033,0.07739
MUT $u$ desc,155,0.60461,0.07731
MUT $u$ desc,156,0.60589,0.07737
MUT $u$ desc,157,0.6068,0.07704
MUT $u$ desc,158,0.60803,0.0772
MUT $u$ desc,159,0.60918,0.07694
MUT $u$ desc,160,0.60992,0.07684
MUT $u$ desc,161,0.61089,0.07693
MUT $u$ desc,162,0.61172,0.07663
MUT $u$ desc,163,0.61284,0.07651
MUT $u$ desc,164,0.61399,0.07644
MUT $u$ desc,165,0.61483,0.07612
MUT $u$ desc,166,0.61571,0.07615
MUT $u$ desc,167,0.61642,0.07617
MUT $u$ desc,168,0.61744,0.07596
MUT $u$ desc,169,0.61831,0.07631
MUT $u$ desc,170,0.61918,0.07612
MUT $u$ desc,171,0.61982,0.07612
MUT $u$ desc,172,0.62086,0.07589
MUT $u$ desc,173,0.62192,0.07565
MUT $u$ desc,174,0.62292,0.07554
MUT $u$ desc,175,0.62387,0.07549
MUT $u$ desc,176,0.62487,0.07555
MUT $u$ desc,177,0.62565,0.07576
MUT $u$ desc,178,0.62668,0.07536
MUT $u$ desc,179,0.62799,0.07533
MUT $u$ desc,180,0.62876,0.07542
MUT $u$ desc,181,0.62996,0.07509
MUT $u$ desc,182,0.63069,0.07538
MUT $u$ desc,183,0.63127,0.07526
MUT $u$ desc,184,0.63194,0.07513
MUT $u$ desc,185,0.63261,0.07491
MUT $u$ desc,186,0.63347,0.07479
MUT $u$ desc,187,0.63446,0.07478
MUT $u$ desc,188,0.63515,0.07492
MUT $u$ desc,189,0.63596,0.07506
MUT $u$ desc,190,0.6366,0.07503
MUT $u$ desc,191,0.63732,0.07511
MUT $u$ desc,192,0.63814,0.07485
MUT $u$ desc,193,0.639,0.07465
MUT $u$ desc,194,0.63996,0.07451
MUT $u$ desc,195,0.64075,0.07428
MUT $u$ desc,196,0.64126,0.07411
MUT $u$ desc,197,0.64225,0.07427
MUT $u$ desc,198,0.64299,0.07418
MUT $u$ desc,199,0.64369,0.07378
MUT $u$ desc,200,0.64469,0.07386
SIS $D$ asc,2,0.04128,0.09944
SIS $D$ asc,3,0.06144,0.10519
SIS $D$ asc,4,0.07767,0.10743
SIS $D$ asc,5,0.09385,0.10859
SIS $D$ asc,6,0.10871,0.11648
SIS $D$ asc,7,0.11412,0.12442
SIS $D$ asc,8,0.12241,0.13105
SIS $D$ asc,9,0.12975,0.1339
SIS $D$ asc,10,0.13738,0.1387
SIS $D$ asc,11,0.1429,0.14572
SIS $D$ asc,12,0.15068,0.14952
SIS $D$ asc,13,0.15934,0.15053
SIS $D$ asc,14,0.16501,0.15526
SIS $D$ asc,15,0.17002,0.15634
SIS $D$ asc,16,0.1752,0.15824
SIS $D$ asc,17,0.17956,0.16107
SIS $D$ asc,18,0.18494,0.16177
SIS $D$ asc,19,0.19007,0.1647
SIS $D$ asc,20,0.19506,0.16677
SIS $D$ asc,21,0.19879,0.16846
SIS $D$ asc,22,0.20403,0.17053
SIS $D$ asc,23,0.20804,0.17179
SIS $D$ asc,24,0.21141,0.17434
SIS $D$ asc,25,0.21548,0.17545
SIS $D$ asc,26,0.21981,0.17907
SIS $D$ asc,27,0.22378,0.18141
SIS $D$ asc,28,0.22539,0.18294
SIS $D$ asc,29,0.22843,0.18502
SIS $D$ asc,30,0.23095,0.18827
SIS $D$ asc,31,0.23366,0.18945
SIS $D$ asc,32,0.23523,0.19312
SIS $D$ asc,33,0.2388,0.19342
SIS $D$ asc,34,0.24098,0.19352
SIS $D$ asc,35,0.2448,0.19553
SIS $D$ asc,36,0.24736,0.19623
SIS $D$ asc,37,0.24986,0.19716
SIS $D$ asc,38,0.2545,0.19742
SIS $D$ asc,39,0.25786,0.19885
SIS $D$ asc,40,0.25999,0.19886
SIS $D$ asc,41,0.26178,0.2011
SIS $D$ asc,42,0.26472,0.20174
SIS $D$ asc,43,0.26935,0.20079
SIS $D$ asc,44,0.27107,0.20243
SIS $D$ asc,45,0.27254,0.20343
SIS $D$ asc,46,0.27335,0.20526
SIS $D$ asc,47,0.27596,0.20615
SIS $D$ asc,48,0.27764,0.20804
SIS $D$ asc,49,0.27995,0.20975
SIS $D$ asc,50,0.28139,0.21057
SIS $D$ asc,51,0.28347,0.21212
SIS $D$ asc,52,0.28569,0.21303
SIS $D$ asc,53,0.2875,0.21384
SIS $D$ asc,54,0.28803,0.21481
SIS $D$ asc,55,0.29093,0.21524
SIS $D$ asc,56,0.29333,0.21565
SIS $D$ asc,57,0.29472,0.21642
SIS $D$ asc,58,0.29537,0.21708
SIS $D$ asc,59,0.29822,0.21762
SIS $D$ asc,60,0.29918,0.21841
SIS $D$ asc,61,0.29985,0.21968
SIS $D$ asc,62,0.30214,0.21987
SIS $D$ asc,63,0.30466,0.21964
SIS $D$ asc,64,0.30651,0.22061
SIS $D$ asc,65,0.30872,0.22119
SIS $D$ asc,66,0.3105,0.22136
SIS $D$ asc,67,0.31255,0.22161
SIS $D$ asc,68,0.31488,0.22107
SIS $D$ asc,69,0.31576,0.22214
SIS $D$ asc,70,0.31758,0.2221
SIS $D$ asc,71,0.3181,0.22271
SIS $D$ asc,72,0.31941,0.22271
SIS $D$ asc,73,0.32149,0.22209
SIS $D$ asc,74,0.3221,0.22311
SIS $D$ asc,75,0.3234,0.22344
SIS $D$ asc,76,0.32412,0.2241
SIS $D$ asc,77,0.32517,0.22488
SIS $D$ asc,78,0.32569,0.22492
SIS $D$ asc,79,0.32682,0.225
SIS $D$ asc,80,0.32764,0.22513
SIS $D$ asc,81,0.32892,0.22557
SIS $D$ asc,82,0.331,0.22589
SIS $D$ asc,83,0.33231,0.22664
SIS $D$ asc,84,0.33324,0.22834
SIS $D$ asc,85,0.33477,0.22867
SIS $D$ asc,86,0.33579,0.22876
SIS $D$ asc,87,0.33707,0.23021
SIS $D$ asc,88,0.33796,0.23087
SIS $D$ asc,89,0.33887,0.23144
SIS $D$ asc,90,0.33929,0.23214
SIS $D$ asc,91,0.34079,0.23208
SIS $D$ asc,92,0.34187,0.23282
SIS $D$ asc,93,0.34274,0.2339
SIS $D$ asc,94,0.34437,0.23425
SIS $D$ asc,95,0.3458,0.23467
SIS $D$ asc,96,0.34711,0.23629
SIS $D$ asc,97,0.34868,0.23588
SIS $D$ asc,98,0.35019,0.23609
SIS $D$ asc,99,0.35105,0.23791
SIS $D$ asc,100,0.35141,0.23873
SIS $D$ asc,101,0.35292,0.23861
SIS $D$ asc,102,0.35406,0.23924
SIS $D$ asc,103,0.35518,0.23895
SIS $D$ asc,104,0.35563,0.2391
SIS $D$ asc,105,0.35675,0.24057
SIS $D$ asc,106,0.35808,0.24038
SIS $D$ asc,107,0.35905,0.24111
SIS $D$ asc,108,0.36001,0.24163
SIS $D$ asc,109,0.36159,0.24087
SIS $D$ asc,110,0.36235,0.24122
SIS $D$ asc,111,0.36389,0.24084
SIS $D$ asc,112,0.36518,0.2419
SIS $D$ asc,113,0.3659,0.24229
SIS $D$ asc,114,0.36691,0.24299
SIS $D$ asc,115,0.36753,0.2439
SIS $D$ asc,116,0.36883,0.24382
SIS $D$ asc,117,0.36986,0.24557
SIS $D$ asc,118,0.37129,0.24522
SIS $D$ asc,119,0.37258,0.24535
SIS $D$ asc,120,0.3735,0.24496
SIS $D$ asc,121,0.37472,0.24483
SIS $D$ asc,122,0.37514,0.24544
SIS $D$ asc,123,0.37537,0.24523
SIS $D$ asc,124,0.37668,0.24594
SIS $D$ asc,125,0.37832,0.24643
SIS $D$ asc,126,0.37986,0.2465
SIS $D$ asc,127,0.38074,0.24679
SIS $D$ asc,128,0.3815,0.24706
SIS $D$ asc,129,0.38183,0.24635
SIS $D$ asc,130,0.38317,0.24654
SIS $D$ asc,131,0.38352,0.24657
SIS $D$ asc,132,0.38347,0.24719
SIS $D$ asc,133,0.38432,0.24691
SIS $D$ asc,134,0.38495,0.24761
SIS $D$ asc,135,0.38562,0.24869
SIS $D$ asc,136,0.38666,0.24865
SIS $D$ asc,137,0.38697,0.24904
SIS $D$ asc,138,0.38797,0.24943
SIS $D$ asc,139,0.38873,0.24948
SIS $D$ asc,140,0.38898,0.2494
SIS $D$ asc,141,0.38968,0.24893
SIS $D$ asc,142,0.39045,0.24969
SIS $D$ asc,143,0.39147,0.2493
SIS $D$ asc,144,0.39284,0.24945
SIS $D$ asc,145,0.39381,0.2495
SIS $D$ asc,146,0.39504,0.24949
SIS $D$ asc,147,0.396,0.25047
SIS $D$ asc,148,0.39602,0.25117
SIS $D$ asc,149,0.39673,0.25126
SIS $D$ asc,150,0.39726,0.25161
SIS $D$ asc,151,0.39757,0.25277
SIS $D$ asc,152,0.39845,0.25353
SIS $D$ asc,153,0.39913,0.2536
SIS $D$ asc,154,0.39983,0.25342
SIS $D$ asc,155,0.40005,0.25334
SIS $D$ asc,156,0.40112,0.25314
SIS $D$ asc,157,0.40225,0.2536
SIS $D$ asc,158,0.40284,0.25365
SIS $D$ asc,159,0.40385,0.25354
SIS $D$ asc,160,0.40473,0.25414
SIS $D$ asc,161,0.40464,0.25498
SIS $D$ asc,162,0.40505,0.25557
SIS $D$ asc,163,0.40593,0.25544
SIS $D$ asc,164,0.40651,0.25571
SIS $D$ asc,165,0.40739,0.25609
SIS $D$ asc,166,0.40735,0.25612
SIS $D$ asc,167,0.40768,0.25628
SIS $D$ asc,168,0.40804,0.25655
SIS $D$ asc,169,0.40833,0.25727
SIS $D$ asc,170,0.40877,0.25772
SIS $D$ asc,171,0.41036,0.25825
SIS $D$ asc,172,0.41084,0.25883
SIS $D$ asc,173,0.41196,0.25927
SIS $D$ asc,174,0.41252,0.25988
SIS $D$ asc,175,0.41332,0.26013
SIS $D$ asc,176,0.41368,0.2599
SIS $D$ asc,177,0.41416,0.25996
SIS $D$ asc,178,0.414,0.26023
SIS $D$ asc,179,0.41468,0.25993
SIS $D$ asc,180,0.41513,0.26025
SIS $D$ asc,181,0.41574,0.26049
SIS $D$ asc,182,0.41587,0.26163
SIS $D$ asc,183,0.41653,0.26171
SIS $D$ asc,184,0.41722,0.26187
SIS $D$ asc,185,0.41761,0.26255
SIS $D$ asc,186,0.4182,0.26316
SIS $D$ asc,187,0.41824,0.26342
SIS $D$ asc,188,0.41894,0.2638
SIS $D$ asc,189,0.41953,0.2637
SIS $D$ asc,190,0.42079,0.26356
SIS $D$ asc,191,0.42138,0.26394
SIS $D$ asc,192,0.42214,0.26347
SIS $D$ asc,193,0.42243,0.2639
SIS $D$ asc,194,0.42288,0.26356
SIS $D$ asc,195,0.42324,0.2634
SIS $D$ asc,196,0.42357,0.2632
SIS $D$ asc,197,0.42442,0.26369
SIS $D$ asc,198,0.42484,0.26374
SIS $D$ asc,199,0.4252,0.2641
SIS $D$ asc,200,0.42552,0.26468
SIS $D$ desc,2,0.10877,0.09817
SIS $D$ desc,3,0.16955,0.11396
SIS $D$ desc,4,0.21066,0.12582
SIS $D$ desc,5,0.24726,0.13247
SIS $D$ desc,6,0.27888,0.13685
SIS $D$ desc,7,0.30523,0.14212
SIS $D$ desc,8,0.32726,0.14806
SIS $D$ desc,9,0.34854,0.14987
SIS $D$ desc,10,0.3663,0.15155
SIS $D$ desc,11,0.38246,0.1529
SIS $D$ desc,12,0.39807,0.15336
SIS $D$ desc,13,0.41181,0.15359
SIS $D$ desc,14,0.4241,0.15359
SIS $D$ desc,15,0.43827,0.15216
SIS $D$ desc,16,0.4496,0.15325
SIS $D$ desc,17,0.46032,0.15269
SIS $D$ desc,18,0.47088,0.15258
SIS $D$ desc,19,0.48056,0.15071
SIS $D$ desc,20,0.48876,0.15097
SIS $D$ desc,21,0.49685,0.15037
SIS $D$ desc,22,0.50453,0.14944
SIS $D$ desc,23,0.51196,0.14989
SIS $D$ desc,24,0.51808,0.15
SIS $D$ desc,25,0.52437,0.151
SIS $D$ desc,26,0.53024,0.15202
SIS $D$ desc,27,0.53725,0.15015
SIS $D$ desc,28,0.54169,0.15
SIS $D$ desc,29,0.54744,0.1488
SIS $D$ desc,30,0.55227,0.14767
SIS $D$ desc,31,0.55749,0.14701
SIS $D$ desc,32,0.56239,0.14587
SIS $D$ desc,33,0.56692,0.14596
SIS $D$ desc,34,0.57101,0.14558
SIS $D$ desc,35,0.57509,0.1461
SIS $D$ desc,36,0.57818,0.14549
SIS $D$ desc,37,0.58259,0.14528
SIS $D$ desc,38,0.58734,0.14419
SIS $D$ desc,39,0.59122,0.14364
SIS $D$ desc,40,0.5956,0.14374
SIS $D$ desc,41,0.59814,0.14345
SIS $D$ desc,42,0.6014,0.14258
SIS $D$ desc,43,0.60473,0.14218
SIS $D$ desc,44,0.60855,0.14171
SIS $D$ desc,45,0.61167,0.14083
SIS $D$ desc,46,0.61445,0.14066
SIS $D$ desc,47,0.61792,0.14018
SIS $D$ desc,48,0.62097,0.13991
SIS $D$ desc,49,0.62436,0.1391
SIS $D$ desc,50,0.62707,0.13828
SIS $D$ desc,51,0.63069,0.13713
SIS $D$ desc,52,0.63415,0.13575
SIS $D$ desc,53,0.63689,0.13475
SIS $D$ desc,54,0.63986,0.1341
SIS $D$ desc,55,0.64219,0.13378
SIS $D$ desc,56,0.64445,0.13325
SIS $D$ desc,57,0.64684,0.13265
SIS $D$ desc,58,0.64897,0.1321
SIS $D$ desc,59,0.65134,0.13179
SIS $D$ desc,60,0.65325,0.13134
SIS $D$ desc,61,0.65564,0.13067
SIS $D$ desc,62,0.6578,0.13006
SIS $D$ desc,63,0.66026,0.12895
SIS $D$ desc,64,0.66302,0.12844
SIS $D$ desc,65,0.66507,0.12816
SIS $D$ desc,66,0.6669,0.12798
SIS $D$ desc,67,0.66904,0.12726
SIS $D$ desc,68,0.67106,0.12714
SIS $D$ desc,69,0.67321,0.12651
SIS $D$ desc,70,0.67538,0.12569
SIS $D$ desc,71,0.67797,0.12484
SIS $D$ desc,72,0.6802,0.1245
SIS $D$ desc,73,0.68163,0.124
SIS $D$ desc,74,0.68336,0.12354
SIS $D$ desc,75,0.68564,0.12298
SIS $D$ desc,76,0.68762,0.12237
SIS $D$ desc,77,0.68939,0.12177
SIS $D$ desc,78,0.69057,0.12156
SIS $D$ desc,79,0.69229,0.1206
SIS $D$ desc,80,0.69439,0.12023
SIS $D$ desc,81,0.69575,0.12016
SIS $D$ desc,82,0.69706,0.11994
SIS $D$ desc,83,0.69881,0.11963
SIS $D$ desc,84,0.70019,0.11922
SIS $D$ desc,85,0.70186,0.11895
SIS $D$ desc,86,0.70341,0.11822
SIS $D$ desc,87,0.70433,0.11819
SIS $D$ desc,88,0.70565,0.11806
SIS $D$ desc,89,0.70713,0.11814
SIS $D$ desc,90,0.70824,0.11791
SIS $D$ desc,91,0.70996,0.11707
SIS $D$ desc,92,0.71072,0.11674
SIS $D$ desc,93,0.71194,0.11652
SIS $D$ desc,94,0.7132,0.11601
SIS $D$ desc,95,0.7144,0.11576
SIS $D$ desc,96,0.71566,0.11581
SIS $D$ desc,97,0.71706,0.11489
SIS $D$ desc,98,0.71777,0.11497
SIS $D$ desc,99,0.71894,0.11448
SIS $D$ desc,100,0.71995,0.11421
SIS $D$ desc,101,0.72107,0.11421
SIS $D$ desc,102,0.72203,0.11416
SIS $D$ desc,103,0.72332,0.11366
SIS $D$ desc,104,0.72464,0.11286
SIS $D$ desc,105,0.72593,0.1127
SIS $D$ desc,106,0.72701,0.11216
SIS $D$ desc,107,0.72815,0.11194
SIS $D$ desc,108,0.72901,0.11158
SIS $D$ desc,109,0.72987,0.11162
SIS $D$ desc,110,0.73114,0.11135
SIS $D$ desc,111,0.73244,0.11063
SIS $D$ desc,112,0.73309,0.11062
SIS $D$ desc,113,0.73454,0.10989
SIS $D$ desc,114,0.73526,0.10983
SIS $D$ desc,115,0.73628,0.10959
SIS $D$ desc,116,0.73749,0.10913
SIS $D$ desc,117,0.73859,0.10878
SIS $D$ desc,118,0.73949,0.10843
SIS $D$ desc,119,0.74053,0.10831
SIS $D$ desc,120,0.74183,0.10792
SIS $D$ desc,121,0.74271,0.10748
SIS $D$ desc,122,0.74376,0.10739
SIS $D$ desc,123,0.74444,0.10736
SIS $D$ desc,124,0.7448,0.10721
SIS $D$ desc,125,0.74571,0.10723
SIS $D$ desc,126,0.74676,0.10717
SIS $D$ desc,127,0.74739,0.10744
SIS $D$ desc,128,0.74824,0.10719
SIS $D$ desc,129,0.74904,0.10751
SIS $D$ desc,130,0.75019,0.10712
SIS $D$ desc,131,0.75121,0.10694
SIS $D$ desc,132,0.7518,0.10659
SIS $D$ desc,133,0.75234,0.1062
SIS $D$ desc,134,0.75309,0.106
SIS $D$ desc,135,0.75416,0.10611
SIS $D$ desc,136,0.75511,0.10583
SIS $D$ desc,137,0.75606,0.10511
SIS $D$ desc,138,0.75685,0.10424
SIS $D$ desc,139,0.75743,0.10397
SIS $D$ desc,140,0.75798,0.10427
SIS $D$ desc,141,0.75851,0.10419
SIS $D$ desc,142,0.75975,0.10385
SIS $D$ desc,143,0.76039,0.10385
SIS $D$ desc,144,0.7609,0.10381
SIS $D$ desc,145,0.76149,0.10403
SIS $D$ desc,146,0.76223,0.104
SIS $D$ desc,147,0.763,0.10355
SIS $D$ desc,148,0.76371,0.10362
SIS $D$ desc,149,0.76478,0.10319
SIS $D$ desc,150,0.76525,0.10307
SIS $D$ desc,151,0.76619,0.10235
SIS $D$ desc,152,0.76672,0.10211
SIS $D$ desc,153,0.7675,0.10165
SIS $D$ desc,154,0.76814,0.10122
SIS $D$ desc,155,0.76892,0.10069
SIS $D$ desc,156,0.76949,0.10044
SIS $D$ desc,157,0.76989,0.10036
SIS $D$ desc,158,0.77048,0.10044
SIS $D$ desc,159,0.77104,0.09995
SIS $D$ desc,160,0.77178,0.09989
SIS $D$ desc,161,0.77272,0.0992
SIS $D$ desc,162,0.77335,0.09934
SIS $D$ desc,163,0.7739,0.09909
SIS $D$ desc,164,0.77482,0.09893
SIS $D$ desc,165,0.77571,0.09868
SIS $D$ desc,166,0.77627,0.09823
SIS $D$ desc,167,0.77697,0.09823
SIS $D$ desc,168,0.77774,0.09765
SIS $D$ desc,169,0.77808,0.09755
SIS $D$ desc,170,0.77879,0.09741
SIS $D$ desc,171,0.77935,0.09746
SIS $D$ desc,172,0.77999,0.09712
SIS $D$ desc,173,0.78024,0.0975
SIS $D$ desc,174,0.78088,0.09725
SIS $D$ desc,175,0.78132,0.09721
SIS $D$ desc,176,0.78195,0.09694
SIS $D$ desc,177,0.78241,0.09681
SIS $D$ desc,178,0.78327,0.09634
SIS $D$ desc,179,0.7836,0.09637
SIS $D$ desc,180,0.78438,0.09608
SIS $D$ desc,181,0.78506,0.09574
SIS $D$ desc,182,0.78547,0.09561
SIS $D$ desc,183,0.78612,0.09534
SIS $D$ desc,184,0.78637,0.09525
SIS $D$ desc,185,0.78685,0.09519
SIS $D$ desc,186,0.78719,0.09513
SIS $D$ desc,187,0.78789,0.09495
SIS $D$ desc,188,0.78821,0.09494
SIS $D$ desc,189,0.78883,0.09489
SIS $D$ desc,190,0.78954,0.09449
SIS $D$ desc,191,0.7903,0.09421
SIS $D$ desc,192,0.79094,0.0938
SIS $D$ desc,193,0.79132,0.09343
SIS $D$ desc,194,0.79175,0.09336
SIS $D$ desc,195,0.792,0.09338
SIS $D$ desc,196,0.79255,0.09287
SIS $D$ desc,197,0.79286,0.09282
SIS $D$ desc,198,0.79345,0.09242
SIS $D$ desc,199,0.79415,0.09203
SIS $D$ desc,200,0.79457,0.09214
GR $D$ desc,2,0.00609,0.0801
GR $D$ desc,3,0.00877,0.07838
GR $D$ desc,4,0.00846,0.07554
GR $D$ desc,5,0.00825,0.07915
GR $D$ desc,6,0.01093,0.08098
GR $D$ desc,7,0.01165,0.08205
GR $D$ desc,8,0.01537,0.08217
GR $D$ desc,9,0.01848,0.08254
GR $D$ desc,10,0.02114,0.0833
GR $D$ desc,11,0.0193,0.08224
GR $D$ desc,12,0.01993,0.08497
GR $D$ desc,13,0.01949,0.08528
GR $D$ desc,14,0.02074,0.08601
GR $D$ desc,15,0.02185,0.08771
GR $D$ desc,16,0.02506,0.08813
GR $D$ desc,17,0.02745,0.08678
GR $D$ desc,18,0.02882,0.08734
GR $D$ desc,19,0.02977,0.08763
GR $D$ desc,20,0.03039,0.08891
GR $D$ desc,21,0.03056,0.0893
GR $D$ desc,22,0.0316,0.0907
GR $D$ desc,23,0.03194,0.0916
GR $D$ desc,24,0.03318,0.09118
GR $D$ desc,25,0.03341,0.09125
GR $D$ desc,26,0.0346,0.09228
GR $D$ desc,27,0.03382,0.09313
GR $D$ desc,28,0.03564,0.09461
GR $D$ desc,29,0.0367,0.096
GR $D$ desc,30,0.037,0.09612
GR $D$ desc,31,0.03815,0.09626
GR $D$ desc,32,0.03868,0.09644
GR $D$ desc,33,0.04015,0.09823
GR $D$ desc,34,0.04118,0.09943
GR $D$ desc,35,0.04242,0.09987
GR $D$ desc,36,0.04286,0.10002
GR $D$ desc,37,0.04322,0.1012
GR $D$ desc,38,0.04348,0.10233
GR $D$ desc,39,0.04382,0.10308
GR $D$ desc,40,0.04413,0.10307
GR $D$ desc,41,0.04566,0.10255
GR $D$ desc,42,0.04633,0.10309
GR $D$ desc,43,0.04616,0.10196
GR $D$ desc,44,0.04759,0.10143
GR $D$ desc,45,0.04752,0.10212
GR $D$ desc,46,0.04837,0.10316
GR $D$ desc,47,0.04973,0.10331
GR $D$ desc,48,0.05007,0.10328
GR $D$ desc,49,0.0514,0.10354
GR $D$ desc,50,0.0512,0.10327
GR $D$ desc,51,0.05048,0.10244
GR $D$ desc,52,0.05085,0.10263
GR $D$ desc,53,0.05134,0.10218
GR $D$ desc,54,0.05232,0.103
GR $D$ desc,55,0.0523,0.10407
GR $D$ desc,56,0.05084,0.10496
GR $D$ desc,57,0.05082,0.10613
GR $D$ desc,58,0.05115,0.10639
GR $D$ desc,59,0.05112,0.10727
GR $D$ desc,60,0.05099,0.10825
GR $D$ desc,61,0.05158,0.10941
GR $D$ desc,62,0.05047,0.10987
GR $D$ desc,63,0.05076,0.11028
GR $D$ desc,64,0.05257,0.11123
GR $D$ desc,65,0.05268,0.11075
GR $D$ desc,66,0.05293,0.11097
GR $D$ desc,67,0.05285,0.11069
GR $D$ desc,68,0.05299,0.11097
GR $D$ desc,69,0.05364,0.11086
GR $D$ desc,70,0.05416,0.11111
GR $D$ desc,71,0.05454,0.11162
GR $D$ desc,72,0.05583,0.1121
GR $D$ desc,73,0.05689,0.11169
GR $D$ desc,74,0.05733,0.11245
GR $D$ desc,75,0.05904,0.11295
GR $D$ desc,76,0.05879,0.11362
GR $D$ desc,77,0.05865,0.11331
GR $D$ desc,78,0.05895,0.11457
GR $D$ desc,79,0.05948,0.11493
GR $D$ desc,80,0.05987,0.1149
GR $D$ desc,81,0.06041,0.11587
GR $D$ desc,82,0.06156,0.11652
GR $D$ desc,83,0.06165,0.11686
GR $D$ desc,84,0.06224,0.1177
GR $D$ desc,85,0.06331,0.1182
GR $D$ desc,86,0.06289,0.11836
GR $D$ desc,87,0.06343,0.11888
GR $D$ desc,88,0.06343,0.11852
GR $D$ desc,89,0.06338,0.11898
GR $D$ desc,90,0.06434,0.11939
GR $D$ desc,91,0.06486,0.11956
GR $D$ desc,92,0.06545,0.12046
GR $D$ desc,93,0.0656,0.12114
GR $D$ desc,94,0.06583,0.12156
GR $D$ desc,95,0.06611,0.12163
GR $D$ desc,96,0.06535,0.12202
GR $D$ desc,97,0.06558,0.12195
GR $D$ desc,98,0.06646,0.12124
GR $D$ desc,99,0.06693,0.12172
GR $D$ desc,100,0.06708,0.12218
GR $D$ desc,101,0.06743,0.12262
GR $D$ desc,102,0.06773,0.12276
GR $D$ desc,103,0.06817,0.12282
GR $D$ desc,104,0.06907,0.12332
GR $D$ desc,105,0.0693,0.12377
GR $D$ desc,106,0.06913,0.12413
GR $D$ desc,107,0.06948,0.12365
GR $D$ desc,108,0.07,0.1236
GR $D$ desc,109,0.06965,0.12382
GR $D$ desc,110,0.0701,0.12335
GR $D$ desc,111,0.07012,0.12345
GR $D$ desc,112,0.06986,0.12395
GR $D$ desc,113,0.07039,0.12441
GR $D$ desc,114,0.07029,0.12434
GR $D$ desc,115,0.07031,0.12458
GR $D$ desc,116,0.0711,0.12463
GR $D$ desc,117,0.07175,0.12457
GR $D$ desc,118,0.07251,0.12431
GR $D$ desc,119,0.07277,0.12415
GR $D$ desc,120,0.07304,0.12423
GR $D$ desc,121,0.07318,0.12477
GR $D$ desc,122,0.07365,0.12514
GR $D$ desc,123,0.0742,0.12548
GR $D$ desc,124,0.07371,0.12532
GR $D$ desc,125,0.07365,0.12606
GR $D$ desc,126,0.0741,0.1261
GR $D$ desc,127,0.07407,0.1263
GR $D$ desc,128,0.07376,0.12688
GR $D$ desc,129,0.07419,0.12674
GR $D$ desc,130,0.07388,0.12699
GR $D$ desc,131,0.07359,0.12711
GR $D$ desc,132,0.07384,0.12767
GR $D$ desc,133,0.07363,0.12782
GR $D$ desc,134,0.07439,0.12801
GR $D$ desc,135,0.07515,0.12797
GR $D$ desc,136,0.07545,0.12817
GR $D$ desc,137,0.07555,0.1283
GR $D$ desc,138,0.07569,0.12889
GR $D$ desc,139,0.0755,0.12855
GR $D$ desc,140,0.07569,0.12908
GR $D$ desc,141,0.07561,0.12923
GR $D$ desc,142,0.07532,0.12931
GR $D$ desc,143,0.07581,0.1289
GR $D$ desc,144,0.07608,0.12908
GR $D$ desc,145,0.07598,0.1295
GR $D$ desc,146,0.0759,0.12976
GR $D$ desc,147,0.07646,0.12976
GR $D$ desc,148,0.07646,0.12945
GR $D$ desc,149,0.0767,0.12948
GR $D$ desc,150,0.07734,0.12998
GR $D$ desc,151,0.07693,0.13011
GR $D$ desc,152,0.07676,0.13002
GR $D$ desc,153,0.07722,0.12968
GR $D$ desc,154,0.07758,0.12973
GR $D$ desc,155,0.07732,0.12975
GR $D$ desc,156,0.07695,0.13
GR $D$ desc,157,0.07662,0.1306
GR $D$ desc,158,0.07738,0.13083
GR $D$ desc,159,0.07778,0.13067
GR $D$ desc,160,0.07828,0.131
GR $D$ desc,161,0.07848,0.13144
GR $D$ desc,162,0.07893,0.1316
GR $D$ desc,163,0.07941,0.13194
GR $D$ desc,164,0.07913,0.13251
GR $D$ desc,165,0.07956,0.13249
GR $D$ desc,166,0.0797,0.13271
GR $D$ desc,167,0.08007,0.13302
GR $D$ desc,168,0.08046,0.13363
GR $D$ desc,169,0.08091,0.13373
GR $D$ desc,170,0.08149,0.13363
GR $D$ desc,171,0.08147,0.13423
GR $D$ desc,172,0.0811,0.13488
GR $D$ desc,173,0.08179,0.13552
GR $D$ desc,174,0.08193,0.1353
GR $D$ desc,175,0.08197,0.1355
GR $D$ desc,176,0.08186,0.13609
GR $D$ desc,177,0.08233,0.1353
GR $D$ desc,178,0.08217,0.13509
GR $D$ desc,179,0.08173,0.13564
GR $D$ desc,180,0.08126,0.13579
GR $D$ desc,181,0.08135,0.13631
GR $D$ desc,182,0.08128,0.1364
GR $D$ desc,183,0.08128,0.13681
GR $D$ desc,184,0.0814,0.13678
GR $D$ desc,185,0.08122,0.13732
GR $D$ desc,186,0.08087,0.13841
GR $D$ desc,187,0.08141,0.13912
GR $D$ desc,188,0.08117,0.13945
GR $D$ desc,189,0.08118,0.13918
GR $D$ desc,190,0.08163,0.13948
GR $D$ desc,191,0.08152,0.13965
GR $D$ desc,192,0.08239,0.14047
GR $D$ desc,193,0.08253,0.14065
GR $D$ desc,194,0.08263,0.14031
GR $D$ desc,195,0.08246,0.14128
GR $D$ desc,196,0.08292,0.14097
GR $D$ desc,197,0.08254,0.14095
GR $D$ desc,198,0.08286,0.1411
GR $D$ desc,199,0.08318,0.14152
GR $D$ desc,200,0.08365,0.14174
GR $u$ desc,2,-0.00188,0.08347
GR $u$ desc,3,0.00471,0.08636
GR $u$ desc,4,0.00844,0.08692
GR $u$ desc,5,0.01054,0.08638
GR $u$ desc,6,0.0093,0.08747
GR $u$ desc,7,0.01129,0.08988
GR $u$ desc,8,0.01479,0.08987
GR $u$ desc,9,0.0149,0.08832
GR $u$ desc,10,0.01507,0.08911
GR $u$ desc,11,0.01641,0.09005
GR $u$ desc,12,0.01664,0.09062
GR $u$ desc,13,0.01742,0.09271
GR $u$ desc,14,0.01739,0.0923
GR $u$ desc,15,0.01653,0.09585
GR $u$ desc,16,0.01798,0.09809
GR $u$ desc,17,0.01779,0.09827
GR $u$ desc,18,0.01604,0.09932
GR $u$ desc,19,0.01665,0.10112
GR $u$ desc,20,0.01894,0.1012
GR $u$ desc,21,0.01966,0.10268
GR $u$ desc,22,0.02259,0.10291
GR $u$ desc,23,0.02146,0.10097
GR $u$ desc,24,0.02374,0.1033
GR $u$ desc,25,0.02357,0.10327
GR $u$ desc,26,0.02442,0.10193
GR $u$ desc,27,0.0239,0.10217
GR $u$ desc,28,0.02465,0.10335
GR $u$ desc,29,0.02666,0.10328
GR $u$ desc,30,0.02751,0.10389
GR $u$ desc,31,0.02785,0.10341
GR $u$ desc,32,0.02852,0.10459
GR $u$ desc,33,0.02981,0.10415
GR $u$ desc,34,0.02964,0.1042
GR $u$ desc,35,0.02878,0.10422
GR $u$ desc,36,0.02942,0.10458
GR $u$ desc,37,0.02787,0.10559
GR $u$ desc,38,0.02868,0.10549
GR $u$ desc,39,0.02961,0.10614
GR $u$ desc,40,0.02978,0.10681
GR $u$ desc,41,0.03069,0.10822
GR $u$ desc,42,0.03123,0.109
GR $u$ desc,43,0.0327,0.10885
GR $u$ desc,44,0.03196,0.1077
GR $u$ desc,45,0.03166,0.10812
GR $u$ desc,46,0.03265,0.10884
GR $u$ desc,47,0.03401,0.10981
GR $u$ desc,48,0.03381,0.10944
GR $u$ desc,49,0.03489,0.11121
GR $u$ desc,50,0.03459,0.11122
GR $u$ desc,51,0.03468,0.11112
GR $u$ desc,52,0.03566,0.11145
GR $u$ desc,53,0.03476,0.11115
GR $u$ desc,54,0.03514,0.11159
GR $u$ desc,55,0.0357,0.11192
GR $u$ desc,56,0.03551,0.11253
GR $u$ desc,57,0.03631,0.1134
GR $u$ desc,58,0.03671,0.11435
GR $u$ desc,59,0.03617,0.11413
GR $u$ desc,60,0.0375,0.11428
GR $u$ desc,61,0.03817,0.11455
GR $u$ desc,62,0.03879,0.11554
GR $u$ desc,63,0.04015,0.11528
GR $u$ desc,64,0.04018,0.11518
GR $u$ desc,65,0.04115,0.1151
GR $u$ desc,66,0.04074,0.11625
GR $u$ desc,67,0.04083,0.11652
GR $u$ desc,68,0.04139,0.11686
GR $u$ desc,69,0.04147,0.11766
GR $u$ desc,70,0.04041,0.11773
GR $u$ desc,71,0.04053,0.11753
GR $u$ desc,72,0.04095,0.11867
GR $u$ desc,73,0.041,0.1188
GR $u$ desc,74,0.04156,0.1189
GR $u$ desc,75,0.04164,0.11957
GR $u$ desc,76,0.04233,0.11975
GR $u$ desc,77,0.04241,0.11968
GR $u$ desc,78,0.04247,0.11986
GR $u$ desc,79,0.04362,0.12049
GR $u$ desc,80,0.04367,0.12024
GR $u$ desc,81,0.04312,0.12085
GR $u$ desc,82,0.04344,0.12097
GR $u$ desc,83,0.04418,0.12221
GR $u$ desc,84,0.04489,0.12261
GR $u$ desc,85,0.04462,0.1233
GR $u$ desc,86,0.0441,0.12337
GR $u$ desc,87,0.04463,0.12322
GR $u$ desc,88,0.04534,0.12401
GR $u$ desc,89,0.04476,0.12432
GR $u$ desc,90,0.04497,0.12413
GR $u$ desc,91,0.04455,0.12364
GR $u$ desc,92,0.04472,0.12407
GR $u$ desc,93,0.04599,0.12435
GR $u$ desc,94,0.04676,0.12523
GR $u$ desc,95,0.04752,0.1247
GR $u$ desc,96,0.04761,0.12562
GR $u$ desc,97,0.0482,0.12602
GR $u$ desc,98,0.04831,0.12617
GR $u$ desc,99,0.04855,0.12624
GR $u$ desc,100,0.04924,0.12621
GR $u$ desc,101,0.04899,0.12625
GR $u$ desc,102,0.04939,0.12687
GR $u$ desc,103,0.0492,0.12634
GR $u$ desc,104,0.04941,0.12666
GR $u$ desc,105,0.04936,0.12655
GR $u$ desc,106,0.04916,0.12708
GR $u$ desc,107,0.04986,0.12776
GR $u$ desc,108,0.04965,0.12815
GR $u$ desc,109,0.04898,0.12834
GR $u$ desc,110,0.04926,0.12842
GR $u$ desc,111,0.0491,0.12901
GR $u$ desc,112,0.04967,0.12932
GR $u$ desc,113,0.04973,0.12942
GR $u$ desc,114,0.05038,0.12924
GR $u$ desc,115,0.04984,0.12956
GR $u$ desc,116,0.04968,0.12935
GR $u$ desc,117,0.04978,0.12976
GR $u$ desc,118,0.04985,0.12989
GR $u$ desc,119,0.0499,0.12983
GR $u$ desc,120,0.04977,0.12986
GR $u$ desc,121,0.04973,0.1305
GR $u$ desc,122,0.04992,0.13089
GR $u$ desc,123,0.05046,0.13072
GR $u$ desc,124,0.05004,0.12995
GR $u$ desc,125,0.0507,0.13049
GR $u$ desc,126,0.05113,0.13084
GR $u$ desc,127,0.0523,0.13022
GR $u$ desc,128,0.05258,0.13033
GR $u$ desc,129,0.05289,0.13071
GR $u$ desc,130,0.05312,0.13094
GR $u$ desc,131,0.05344,0.13178
GR $u$ desc,132,0.0537,0.13212
GR $u$ desc,133,0.05429,0.1327
GR $u$ desc,134,0.05443,0.13288
GR $u$ desc,135,0.05387,0.13361
GR $u$ desc,136,0.05397,0.13358
GR $u$ desc,137,0.05443,0.13393
GR $u$ desc,138,0.05402,0.13398
GR $u$ desc,139,0.05335,0.13413
GR $u$ desc,140,0.05398,0.13422
GR $u$ desc,141,0.05332,0.13444
GR $u$ desc,142,0.05232,0.13403
GR $u$ desc,143,0.05286,0.13417
GR $u$ desc,144,0.05316,0.1353
GR $u$ desc,145,0.05393,0.13508
GR $u$ desc,146,0.05381,0.13492
GR $u$ desc,147,0.05416,0.13553
GR $u$ desc,148,0.05441,0.13583
GR $u$ desc,149,0.05476,0.13599
GR $u$ desc,150,0.05477,0.13638
GR $u$ desc,151,0.05508,0.13738
GR $u$ desc,152,0.05471,0.13785
GR $u$ desc,153,0.05486,0.13866
GR $u$ desc,154,0.05552,0.13905
GR $u$ desc,155,0.05497,0.13952
GR $u$ desc,156,0.05508,0.13976
GR $u$ desc,157,0.0555,0.1402
GR $u$ desc,158,0.05547,0.14037
GR $u$ desc,159,0.05512,0.14056
GR $u$ desc,160,0.05502,0.14126
GR $u$ desc,161,0.05531,0.14123
GR $u$ desc,162,0.05612,0.14036
GR $u$ desc,163,0.05672,0.14092
GR $u$ desc,164,0.05722,0.14116
GR $u$ desc,165,0.05726,0.14102
GR $u$ desc,166,0.05828,0.14097
GR $u$ desc,167,0.0584,0.14121
GR $u$ desc,168,0.05814,0.14158
GR $u$ desc,169,0.05858,0.14171
GR $u$ desc,170,0.05838,0.14197
GR $u$ desc,171,0.05831,0.14252
GR $u$ desc,172,0.0584,0.14279
GR $u$ desc,173,0.05932,0.14299
GR $u$ desc,174,0.05957,0.14259
GR $u$ desc,175,0.05991,0.14249
GR $u$ desc,176,0.05997,0.1421
GR $u$ desc,177,0.06092,0.14267
GR $u$ desc,178,0.06082,0.14264
GR $u$ desc,179,0.06124,0.14275
GR $u$ desc,180,0.06093,0.14288
GR $u$ desc,181,0.06041,0.14312
GR $u$ desc,182,0.06054,0.14342
GR $u$ desc,183,0.0608,0.1436
GR $u$ desc,184,0.06134,0.1436
GR $u$ desc,185,0.06128,0.14355
GR $u$ desc,186,0.06176,0.14439
GR $u$ desc,187,0.0618,0.14452
GR $u$ desc,188,0.0625,0.14505
GR $u$ desc,189,0.06261,0.14514
GR $u$ desc,190,0.06295,0.14538
GR $u$ desc,191,0.06294,0.14549
GR $u$ desc,192,0.06298,0.14539
GR $u$ desc,193,0.06242,0.14633
GR $u$ desc,194,0.06279,0.14616
GR $u$ desc,195,0.06346,0.14685
GR $u$ desc,196,0.06359,0.14651
GR $u$ desc,197,0.06324,0.1468
GR $u$ desc,198,0.06287,0.1471
GR $u$ desc,199,0.06292,0.1472
GR $u$ desc,200,0.06314,0.14695
