condition,ews,variant,mean_tau,std_tau,frac_good_gt0.5,n
DW $D$ asc,var,raw,0.885,0.075,1.0,40
DW $D$ asc,var,delta,0.88,0.083,1.0,40
DW $D$ asc,var,rel,0.88,0.079,1.0,40
DW $D$ asc,CV,raw,0.865,0.131,0.98,40
DW $D$ asc,CV,delta,-0.308,0.298,0.0,40
DW $D$ asc,CV,rel,0.858,0.14,0.98,40
DW $D$ asc,g1,raw,0.681,0.225,0.9,40
DW $D$ asc,g1,delta,0.696,0.219,0.9,40
DW $D$ asc,g1,rel,0.693,0.222,0.9,40
DW $D$ asc,g2,raw,0.633,0.222,0.8,40
DW $D$ asc,g2,delta,0.639,0.234,0.8,40
DW $D$ asc,g2,rel,0.637,0.235,0.8,40
DW $D$ asc,IM,raw,0.361,0.352,0.45,40
DW $D$ asc,IM,delta,0.378,0.364,0.42,40
DW $D$ asc,IM,rel,0.38,0.364,0.42,40
DW $D$ desc,var,raw,-0.91,0.286,0.02,40
DW $D$ desc,var,delta,0.97,0.041,1.0,40
DW $D$ desc,var,rel,0.897,0.084,1.0,40
DW $D$ desc,CV,raw,-0.761,0.349,0.02,40
DW $D$ desc,CV,delta,0.793,0.124,1.0,40
DW $D$ desc,CV,rel,0.924,0.065,1.0,40
DW $D$ desc,g1,raw,0.778,0.242,0.92,40
DW $D$ desc,g1,delta,0.693,0.228,0.88,40
DW $D$ desc,g1,rel,0.644,0.23,0.75,40
DW $D$ desc,g2,raw,-0.378,0.653,0.18,40
DW $D$ desc,g2,delta,0.423,0.508,0.65,40
DW $D$ desc,g2,rel,0.305,0.502,0.52,40
DW $D$ desc,IM,raw,-0.38,0.585,0.15,40
DW $D$ desc,IM,delta,0.118,0.538,0.25,40
DW $D$ desc,IM,rel,0.171,0.488,0.3,40
DW $u$ asc,var,raw,0.597,0.221,0.7,40
DW $u$ asc,var,delta,0.525,0.25,0.57,40
DW $u$ asc,var,rel,0.472,0.251,0.57,40
DW $u$ asc,CV,raw,0.481,0.277,0.62,40
DW $u$ asc,CV,delta,-0.65,0.186,0.0,40
DW $u$ asc,CV,rel,0.329,0.276,0.25,40
DW $u$ asc,g1,raw,0.322,0.194,0.15,40
DW $u$ asc,g1,delta,0.381,0.182,0.22,40
DW $u$ asc,g1,rel,0.28,0.172,0.15,40
DW $u$ asc,g2,raw,0.274,0.208,0.12,40
DW $u$ asc,g2,delta,0.33,0.204,0.18,40
DW $u$ asc,g2,rel,0.218,0.2,0.08,40
DW $u$ asc,IM,raw,0.075,0.217,0.02,40
DW $u$ asc,IM,delta,0.166,0.231,0.08,40
DW $u$ asc,IM,rel,0.121,0.212,0.02,40
DW $u$ desc,var,raw,0.93,0.061,1.0,40
DW $u$ desc,var,delta,0.918,0.07,1.0,40
DW $u$ desc,var,rel,0.924,0.067,1.0,40
DW $u$ desc,CV,raw,0.941,0.053,1.0,40
DW $u$ desc,CV,delta,-0.13,0.404,0.12,40
DW $u$ desc,CV,rel,0.93,0.061,1.0,40
DW $u$ desc,g1,raw,0.72,0.242,0.82,40
DW $u$ desc,g1,delta,0.045,0.412,0.15,40
DW $u$ desc,g1,rel,0.052,0.401,0.15,40
DW $u$ desc,g2,raw,-0.494,0.471,0.05,40
DW $u$ desc,g2,delta,0.084,0.28,0.05,40
DW $u$ desc,g2,rel,0.075,0.279,0.05,40
DW $u$ desc,IM,raw,0.171,0.502,0.28,40
DW $u$ desc,IM,delta,0.532,0.243,0.6,40
DW $u$ desc,IM,rel,0.502,0.26,0.57,40
SIS $D$ asc,var,raw,0.607,0.119,0.85,40
SIS $D$ asc,var,delta,0.583,0.117,0.75,40
SIS $D$ asc,var,rel,0.423,0.164,0.38,40
SIS $D$ asc,CV,raw,-0.088,0.29,0.0,40
SIS $D$ asc,CV,delta,-0.593,0.195,0.0,40
SIS $D$ asc,CV,rel,-0.043,0.215,0.0,40
SIS $D$ asc,g1,raw,0.147,0.314,0.12,40
SIS $D$ asc,g1,delta,0.205,0.273,0.12,40
SIS $D$ asc,g1,rel,0.038,0.167,0.0,40
SIS $D$ asc,g2,raw,0.195,0.265,0.18,40
SIS $D$ asc,g2,delta,0.205,0.246,0.12,40
SIS $D$ asc,g2,rel,0.03,0.165,0.0,40
SIS $D$ asc,IM,raw,0.43,0.239,0.42,40
SIS $D$ asc,IM,delta,0.411,0.244,0.38,40
SIS $D$ asc,IM,rel,0.305,0.254,0.28,40
SIS $D$ desc,var,raw,0.015,0.649,0.28,40
SIS $D$ desc,var,delta,0.921,0.163,0.95,40
SIS $D$ desc,var,rel,0.751,0.245,0.82,40
SIS $D$ desc,CV,raw,0.998,0.013,1.0,40
SIS $D$ desc,CV,delta,0.849,0.382,0.92,40
SIS $D$ desc,CV,rel,0.998,0.013,1.0,40
SIS $D$ desc,g1,raw,-0.923,0.335,0.02,40
SIS $D$ desc,g1,delta,0.024,0.824,0.42,40
SIS $D$ desc,g1,rel,-0.936,0.208,0.0,40
SIS $D$ desc,g2,raw,0.156,0.878,0.52,40
SIS $D$ desc,g2,delta,0.147,0.735,0.4,40
SIS $D$ desc,g2,rel,-0.466,0.649,0.12,40
SIS $D$ desc,IM,raw,0.919,0.332,0.92,40
SIS $D$ desc,IM,delta,-0.101,0.739,0.28,40
SIS $D$ desc,IM,rel,0.925,0.323,0.95,40
MUT $D$ desc,var,raw,-0.899,0.333,0.02,40
MUT $D$ desc,var,delta,0.982,0.065,1.0,40
MUT $D$ desc,var,rel,0.927,0.244,0.92,40
MUT $D$ desc,CV,raw,-0.104,0.779,0.3,40
MUT $D$ desc,CV,delta,0.938,0.291,0.98,40
MUT $D$ desc,CV,rel,0.948,0.181,0.95,40
MUT $D$ desc,g1,raw,0.976,0.148,0.98,40
MUT $D$ desc,g1,delta,0.834,0.392,0.88,40
MUT $D$ desc,g1,rel,0.769,0.456,0.82,40
MUT $D$ desc,g2,raw,-0.287,0.926,0.32,40
MUT $D$ desc,g2,delta,0.492,0.768,0.7,40
MUT $D$ desc,g2,rel,0.561,0.569,0.62,40
MUT $D$ desc,IM,raw,-0.333,0.89,0.28,40
MUT $D$ desc,IM,delta,-0.313,0.843,0.25,40
MUT $D$ desc,IM,rel,-0.512,0.708,0.15,40
MUT $u$ desc,var,raw,0.996,0.025,1.0,40
MUT $u$ desc,var,delta,0.995,0.03,1.0,40
MUT $u$ desc,var,rel,0.995,0.03,1.0,40
MUT $u$ desc,CV,raw,0.997,0.021,1.0,40
MUT $u$ desc,CV,delta,-0.957,0.268,0.02,40
MUT $u$ desc,CV,rel,0.997,0.021,1.0,40
MUT $u$ desc,g1,raw,0.968,0.163,0.98,40
MUT $u$ desc,g1,delta,0.956,0.179,0.98,40
MUT $u$ desc,g1,rel,0.958,0.179,0.98,40
MUT $u$ desc,g2,raw,-0.778,0.504,0.08,40
MUT $u$ desc,g2,delta,-0.503,0.775,0.2,40
MUT $u$ desc,g2,rel,-0.511,0.774,0.2,40
MUT $u$ desc,IM,raw,0.552,0.729,0.75,40
MUT $u$ desc,IM,delta,-0.052,0.842,0.4,40
MUT $u$ desc,IM,rel,-0.001,0.862,0.45,40
GR $D$ desc,var,raw,-0.964,0.191,0.0,40
GR $D$ desc,var,delta,0.981,0.116,0.98,40
GR $D$ desc,var,rel,0.797,0.455,0.9,40
GR $D$ desc,CV,raw,-0.012,0.909,0.42,40
GR $D$ desc,CV,delta,0.705,0.587,0.82,40
GR $D$ desc,CV,rel,0.995,0.034,1.0,40
GR $D$ desc,g1,raw,0.521,0.71,0.68,40
GR $D$ desc,g1,delta,-0.289,0.8,0.25,40
GR $D$ desc,g1,rel,-0.548,0.658,0.12,40
GR $D$ desc,g2,raw,-0.582,0.672,0.15,40
GR $D$ desc,g2,delta,-0.2,0.854,0.35,40
GR $D$ desc,g2,rel,-0.448,0.682,0.15,40
GR $D$ desc,IM,raw,0.985,0.088,0.98,40
GR $D$ desc,IM,delta,-0.451,0.759,0.18,40
GR $D$ desc,IM,rel,0.414,0.728,0.6,40
GR $u$ desc,var,raw,-0.568,0.802,0.2,40
GR $u$ desc,var,delta,0.977,0.142,0.98,40
GR $u$ desc,var,rel,0.975,0.152,0.98,40
GR $u$ desc,CV,raw,0.994,0.038,1.0,40
GR $u$ desc,CV,delta,-0.854,0.378,0.02,40
GR $u$ desc,CV,rel,0.992,0.048,1.0,40
GR $u$ desc,g1,raw,0.454,0.834,0.7,40
GR $u$ desc,g1,delta,-0.139,0.807,0.38,40
GR $u$ desc,g1,rel,0.059,0.818,0.42,40
GR $u$ desc,g2,raw,-0.452,0.846,0.25,40
GR $u$ desc,g2,delta,-0.134,0.783,0.35,40
GR $u$ desc,g2,rel,0.004,0.807,0.4,40
GR $u$ desc,IM,raw,0.978,0.117,0.98,40
GR $u$ desc,IM,delta,0.25,0.851,0.57,40
GR $u$ desc,IM,rel,0.362,0.796,0.65,40
